"source_mod","role_name","team_hint","role_kind","source_path","source_ref"
"BoundlessHostRoles","Abyssbringer","Impostor","custom_role","CustomRoles.cs","https://github.com/Ultradragon005/BoundlessHostRoles"
"BoundlessHostRoles","Addict","Crewmate","custom_role","CustomRoles.cs","https://github.com/Ultradragon005/BoundlessHostRoles"
"BoundlessHostRoles","Adrenaline","Crewmate","custom_role","CustomRoles.cs","https://github.com/Ultradragon005/BoundlessHostRoles"
"BoundlessHostRoles","Adventurer","Crewmate","custom_role","CustomRoles.cs","https://github.com/Ultradragon005/BoundlessHostRoles"
"BoundlessHostRoles","Agent","Gamemode","gamemode_role","CustomRoles.cs","https://github.com/Ultradragon005/BoundlessHostRoles"
"BoundlessHostRoles","Agitater","Neutral","custom_role","CustomRoles.cs","https://github.com/Ultradragon005/BoundlessHostRoles"
"BoundlessHostRoles","Aid","Crewmate","custom_role","CustomRoles.cs","https://github.com/Ultradragon005/BoundlessHostRoles"
"BoundlessHostRoles","Alchemist","Crewmate","custom_role","CustomRoles.cs","https://github.com/Ultradragon005/BoundlessHostRoles"
"BoundlessHostRoles","Altruist","Crewmate","custom_role","CustomRoles.cs","https://github.com/Ultradragon005/BoundlessHostRoles"
"BoundlessHostRoles","Amnesiac","Neutral","custom_role","CustomRoles.cs","https://github.com/Ultradragon005/BoundlessHostRoles"
"BoundlessHostRoles","Analyst","Crewmate","custom_role","CustomRoles.cs","https://github.com/Ultradragon005/BoundlessHostRoles"
"BoundlessHostRoles","Anti Adminer","Impostor","custom_role","CustomRoles.cs","https://github.com/Ultradragon005/BoundlessHostRoles"
"BoundlessHostRoles","Anti TP","Any","sub_role","CustomRoles.cs","https://github.com/Ultradragon005/BoundlessHostRoles"
"BoundlessHostRoles","Antidote","Any","sub_role","CustomRoles.cs","https://github.com/Ultradragon005/BoundlessHostRoles"
"BoundlessHostRoles","Arsonist","Neutral","custom_role","CustomRoles.cs","https://github.com/Ultradragon005/BoundlessHostRoles"
"BoundlessHostRoles","Assassin","Impostor","custom_role","CustomRoles.cs","https://github.com/Ultradragon005/BoundlessHostRoles"
"BoundlessHostRoles","Asthmatic","Any","sub_role","CustomRoles.cs","https://github.com/Ultradragon005/BoundlessHostRoles"
"BoundlessHostRoles","Augmenter","Impostor","custom_role","CustomRoles.cs","https://github.com/Ultradragon005/BoundlessHostRoles"
"BoundlessHostRoles","Autocrat","Crewmate","custom_role","CustomRoles.cs","https://github.com/Ultradragon005/BoundlessHostRoles"
"BoundlessHostRoles","Autopsy","Any","sub_role","CustomRoles.cs","https://github.com/Ultradragon005/BoundlessHostRoles"
"BoundlessHostRoles","Avanger","Any","sub_role","CustomRoles.cs","https://github.com/Ultradragon005/BoundlessHostRoles"
"BoundlessHostRoles","Bait","Any","sub_role","CustomRoles.cs","https://github.com/Ultradragon005/BoundlessHostRoles"
"BoundlessHostRoles","Ball Lightning","Impostor","custom_role","CustomRoles.cs","https://github.com/Ultradragon005/BoundlessHostRoles"
"BoundlessHostRoles","Bandit","Neutral","custom_role","CustomRoles.cs","https://github.com/Ultradragon005/BoundlessHostRoles"
"BoundlessHostRoles","Bard","Impostor","custom_role","CustomRoles.cs","https://github.com/Ultradragon005/BoundlessHostRoles"
"BoundlessHostRoles","Bargainer","Neutral","custom_role","CustomRoles.cs","https://github.com/Ultradragon005/BoundlessHostRoles"
"BoundlessHostRoles","Beacon","Crewmate","custom_role","CustomRoles.cs","https://github.com/Ultradragon005/BoundlessHostRoles"
"BoundlessHostRoles","Beehive","Neutral","custom_role","CustomRoles.cs","https://github.com/Ultradragon005/BoundlessHostRoles"
"BoundlessHostRoles","Benefactor","Crewmate","custom_role","CustomRoles.cs","https://github.com/Ultradragon005/BoundlessHostRoles"
"BoundlessHostRoles","Bewilder","Any","sub_role","CustomRoles.cs","https://github.com/Ultradragon005/BoundlessHostRoles"
"BoundlessHostRoles","Blackmailer","Impostor","custom_role","CustomRoles.cs","https://github.com/Ultradragon005/BoundlessHostRoles"
"BoundlessHostRoles","Blood Knight","Neutral","custom_role","CustomRoles.cs","https://github.com/Ultradragon005/BoundlessHostRoles"
"BoundlessHostRoles","Bloodhound","Crewmate","custom_role","CustomRoles.cs","https://github.com/Ultradragon005/BoundlessHostRoles"
"BoundlessHostRoles","Bloodlust","Any","sub_role","CustomRoles.cs","https://github.com/Ultradragon005/BoundlessHostRoles"
"BoundlessHostRoles","Bloodmoon","Any","sub_role","CustomRoles.cs","https://github.com/Ultradragon005/BoundlessHostRoles"
"BoundlessHostRoles","Bodyguard","Crewmate","custom_role","CustomRoles.cs","https://github.com/Ultradragon005/BoundlessHostRoles"
"BoundlessHostRoles","Bomber","Impostor","custom_role","CustomRoles.cs","https://github.com/Ultradragon005/BoundlessHostRoles"
"BoundlessHostRoles","Booby Trap","Impostor","custom_role","CustomRoles.cs","https://github.com/Ultradragon005/BoundlessHostRoles"
"BoundlessHostRoles","Bounty Hunter","Impostor","custom_role","CustomRoles.cs","https://github.com/Ultradragon005/BoundlessHostRoles"
"BoundlessHostRoles","Brakar","Any","sub_role","CustomRoles.cs","https://github.com/Ultradragon005/BoundlessHostRoles"
"BoundlessHostRoles","Bubble","Neutral","custom_role","CustomRoles.cs","https://github.com/Ultradragon005/BoundlessHostRoles"
"BoundlessHostRoles","Busy","Any","sub_role","CustomRoles.cs","https://github.com/Ultradragon005/BoundlessHostRoles"
"BoundlessHostRoles","Camera Man","Crewmate","custom_role","CustomRoles.cs","https://github.com/Ultradragon005/BoundlessHostRoles"
"BoundlessHostRoles","Camouflager","Impostor","custom_role","CustomRoles.cs","https://github.com/Ultradragon005/BoundlessHostRoles"
"BoundlessHostRoles","Cantankerous","Impostor","custom_role","CustomRoles.cs","https://github.com/Ultradragon005/BoundlessHostRoles"
"BoundlessHostRoles","Capitalism","Impostor","custom_role","CustomRoles.cs","https://github.com/Ultradragon005/BoundlessHostRoles"
"BoundlessHostRoles","Chameleon","Crewmate","custom_role","CustomRoles.cs","https://github.com/Ultradragon005/BoundlessHostRoles"
"BoundlessHostRoles","Changeling","Impostor","custom_role","CustomRoles.cs","https://github.com/Ultradragon005/BoundlessHostRoles"
"BoundlessHostRoles","Charmed","Any","sub_role","CustomRoles.cs","https://github.com/Ultradragon005/BoundlessHostRoles"
"BoundlessHostRoles","Chef","Crewmate","custom_role","CustomRoles.cs","https://github.com/Ultradragon005/BoundlessHostRoles"
"BoundlessHostRoles","Chemist","Neutral","custom_role","CustomRoles.cs","https://github.com/Ultradragon005/BoundlessHostRoles"
"BoundlessHostRoles","Cherokious","Neutral","custom_role","CustomRoles.cs","https://github.com/Ultradragon005/BoundlessHostRoles"
"BoundlessHostRoles","Chronomancer","Impostor","custom_role","CustomRoles.cs","https://github.com/Ultradragon005/BoundlessHostRoles"
"BoundlessHostRoles","Circumvent","Any","sub_role","CustomRoles.cs","https://github.com/Ultradragon005/BoundlessHostRoles"
"BoundlessHostRoles","Clairvoyant","Crewmate","custom_role","CustomRoles.cs","https://github.com/Ultradragon005/BoundlessHostRoles"
"BoundlessHostRoles","Cleaner","Impostor","custom_role","CustomRoles.cs","https://github.com/Ultradragon005/BoundlessHostRoles"
"BoundlessHostRoles","Cleansed","Any","sub_role","CustomRoles.cs","https://github.com/Ultradragon005/BoundlessHostRoles"
"BoundlessHostRoles","Cleanser","Crewmate","custom_role","CustomRoles.cs","https://github.com/Ultradragon005/BoundlessHostRoles"
"BoundlessHostRoles","Clumsy","Any","sub_role","CustomRoles.cs","https://github.com/Ultradragon005/BoundlessHostRoles"
"BoundlessHostRoles","Collector","Neutral","custom_role","CustomRoles.cs","https://github.com/Ultradragon005/BoundlessHostRoles"
"BoundlessHostRoles","Commander","Impostor","custom_role","CustomRoles.cs","https://github.com/Ultradragon005/BoundlessHostRoles"
"BoundlessHostRoles","Consort","Impostor","custom_role","CustomRoles.cs","https://github.com/Ultradragon005/BoundlessHostRoles"
"BoundlessHostRoles","Contagious","Any","sub_role","CustomRoles.cs","https://github.com/Ultradragon005/BoundlessHostRoles"
"BoundlessHostRoles","Convener","Crewmate","custom_role","CustomRoles.cs","https://github.com/Ultradragon005/BoundlessHostRoles"
"BoundlessHostRoles","Convict","Unknown","custom_role","CustomRoles.cs","https://github.com/Ultradragon005/BoundlessHostRoles"
"BoundlessHostRoles","Copy Cat","Crewmate","custom_role","CustomRoles.cs","https://github.com/Ultradragon005/BoundlessHostRoles"
"BoundlessHostRoles","Councillor","Impostor","custom_role","CustomRoles.cs","https://github.com/Ultradragon005/BoundlessHostRoles"
"BoundlessHostRoles","Crewmate EHR","CustomVariant","vanilla_remake","CustomRoles.cs","https://github.com/Ultradragon005/BoundlessHostRoles"
"BoundlessHostRoles","Crewpostor","Impostor","custom_role","CustomRoles.cs","https://github.com/Ultradragon005/BoundlessHostRoles"
"BoundlessHostRoles","Crusader","Crewmate","custom_role","CustomRoles.cs","https://github.com/Ultradragon005/BoundlessHostRoles"
"BoundlessHostRoles","Cursed Wolf","Impostor","custom_role","CustomRoles.cs","https://github.com/Ultradragon005/BoundlessHostRoles"
"BoundlessHostRoles","Cyber Star","Crewmate","custom_role","CustomRoles.cs","https://github.com/Ultradragon005/BoundlessHostRoles"
"BoundlessHostRoles","Damocles","Any","sub_role","CustomRoles.cs","https://github.com/Ultradragon005/BoundlessHostRoles"
"BoundlessHostRoles","Dark Hide","Neutral","custom_role","CustomRoles.cs","https://github.com/Ultradragon005/BoundlessHostRoles"
"BoundlessHostRoles","Dasher","Gamemode","gamemode_role","CustomRoles.cs","https://github.com/Ultradragon005/BoundlessHostRoles"
"BoundlessHostRoles","Dazzler","Impostor","custom_role","CustomRoles.cs","https://github.com/Ultradragon005/BoundlessHostRoles"
"BoundlessHostRoles","Deadly Quota","Any","sub_role","CustomRoles.cs","https://github.com/Ultradragon005/BoundlessHostRoles"
"BoundlessHostRoles","Deathknight","Neutral","custom_role","CustomRoles.cs","https://github.com/Ultradragon005/BoundlessHostRoles"
"BoundlessHostRoles","Deathpact","Impostor","custom_role","CustomRoles.cs","https://github.com/Ultradragon005/BoundlessHostRoles"
"BoundlessHostRoles","Demolitionist","Crewmate","custom_role","CustomRoles.cs","https://github.com/Ultradragon005/BoundlessHostRoles"
"BoundlessHostRoles","Deputy","Crewmate","custom_role","CustomRoles.cs","https://github.com/Ultradragon005/BoundlessHostRoles"
"BoundlessHostRoles","Detective","Crewmate","custom_role","CustomRoles.cs","https://github.com/Ultradragon005/BoundlessHostRoles"
"BoundlessHostRoles","Detector","Gamemode","gamemode_role","CustomRoles.cs","https://github.com/Ultradragon005/BoundlessHostRoles"
"BoundlessHostRoles","Detour","Crewmate","custom_role","CustomRoles.cs","https://github.com/Ultradragon005/BoundlessHostRoles"
"BoundlessHostRoles","Devourer","Impostor","custom_role","CustomRoles.cs","https://github.com/Ultradragon005/BoundlessHostRoles"
"BoundlessHostRoles","Dictator","Crewmate","custom_role","CustomRoles.cs","https://github.com/Ultradragon005/BoundlessHostRoles"
"BoundlessHostRoles","Disco","Any","sub_role","CustomRoles.cs","https://github.com/Ultradragon005/BoundlessHostRoles"
"BoundlessHostRoles","Diseased","Any","sub_role","CustomRoles.cs","https://github.com/Ultradragon005/BoundlessHostRoles"
"BoundlessHostRoles","Disperser","Impostor","custom_role","CustomRoles.cs","https://github.com/Ultradragon005/BoundlessHostRoles"
"BoundlessHostRoles","Divinator","Crewmate","custom_role","CustomRoles.cs","https://github.com/Ultradragon005/BoundlessHostRoles"
"BoundlessHostRoles","Doctor","Crewmate","custom_role","CustomRoles.cs","https://github.com/Ultradragon005/BoundlessHostRoles"
"BoundlessHostRoles","Donut Delivery","Crewmate","custom_role","CustomRoles.cs","https://github.com/Ultradragon005/BoundlessHostRoles"
"BoundlessHostRoles","Doomsayer","Neutral","custom_role","CustomRoles.cs","https://github.com/Ultradragon005/BoundlessHostRoles"
"BoundlessHostRoles","Doormaster","Crewmate","custom_role","CustomRoles.cs","https://github.com/Ultradragon005/BoundlessHostRoles"
"BoundlessHostRoles","Doppelganger","Neutral","custom_role","CustomRoles.cs","https://github.com/Ultradragon005/BoundlessHostRoles"
"BoundlessHostRoles","Double Shot","Any","sub_role","CustomRoles.cs","https://github.com/Ultradragon005/BoundlessHostRoles"
"BoundlessHostRoles","Doves Of Neace","Crewmate","custom_role","CustomRoles.cs","https://github.com/Ultradragon005/BoundlessHostRoles"
"BoundlessHostRoles","Drainer","Crewmate","custom_role","CustomRoles.cs","https://github.com/Ultradragon005/BoundlessHostRoles"
"BoundlessHostRoles","Druid","Crewmate","custom_role","CustomRoles.cs","https://github.com/Ultradragon005/BoundlessHostRoles"
"BoundlessHostRoles","Dual Personality","Any","sub_role","CustomRoles.cs","https://github.com/Ultradragon005/BoundlessHostRoles"
"BoundlessHostRoles","Duellist","Impostor","custom_role","CustomRoles.cs","https://github.com/Ultradragon005/BoundlessHostRoles"
"BoundlessHostRoles","Dynamo","Any","sub_role","CustomRoles.cs","https://github.com/Ultradragon005/BoundlessHostRoles"
"BoundlessHostRoles","Echo","Impostor","custom_role","CustomRoles.cs","https://github.com/Ultradragon005/BoundlessHostRoles"
"BoundlessHostRoles","Eclipse","Neutral","custom_role","CustomRoles.cs","https://github.com/Ultradragon005/BoundlessHostRoles"
"BoundlessHostRoles","Egoist","Any","sub_role","CustomRoles.cs","https://github.com/Ultradragon005/BoundlessHostRoles"
"BoundlessHostRoles","Electric","Crewmate","custom_role","CustomRoles.cs","https://github.com/Ultradragon005/BoundlessHostRoles"
"BoundlessHostRoles","Enderman","Neutral","custom_role","CustomRoles.cs","https://github.com/Ultradragon005/BoundlessHostRoles"
"BoundlessHostRoles","Energetic","Any","sub_role","CustomRoles.cs","https://github.com/Ultradragon005/BoundlessHostRoles"
"BoundlessHostRoles","Engineer","Crewmate","custom_role","CustomRoles.cs","https://github.com/Ultradragon005/BoundlessHostRoles"
"BoundlessHostRoles","Engineer EHR","CustomVariant","vanilla_remake","CustomRoles.cs","https://github.com/Ultradragon005/BoundlessHostRoles"
"BoundlessHostRoles","Enigma","Crewmate","custom_role","CustomRoles.cs","https://github.com/Ultradragon005/BoundlessHostRoles"
"BoundlessHostRoles","Eraser","Impostor","custom_role","CustomRoles.cs","https://github.com/Ultradragon005/BoundlessHostRoles"
"BoundlessHostRoles","Escapee","Impostor","custom_role","CustomRoles.cs","https://github.com/Ultradragon005/BoundlessHostRoles"
"BoundlessHostRoles","Escort","Crewmate","custom_role","CustomRoles.cs","https://github.com/Ultradragon005/BoundlessHostRoles"
"BoundlessHostRoles","Evil Diviner","Impostor","custom_role","CustomRoles.cs","https://github.com/Ultradragon005/BoundlessHostRoles"
"BoundlessHostRoles","Evil Guesser","Impostor","custom_role","CustomRoles.cs","https://github.com/Ultradragon005/BoundlessHostRoles"
"BoundlessHostRoles","Evil Spirit","Any","sub_role","CustomRoles.cs","https://github.com/Ultradragon005/BoundlessHostRoles"
"BoundlessHostRoles","Evil Tracker","Impostor","custom_role","CustomRoles.cs","https://github.com/Ultradragon005/BoundlessHostRoles"
"BoundlessHostRoles","Evolver","Neutral","custom_role","CustomRoles.cs","https://github.com/Ultradragon005/BoundlessHostRoles"
"BoundlessHostRoles","Executioner","Neutral","custom_role","CustomRoles.cs","https://github.com/Ultradragon005/BoundlessHostRoles"
"BoundlessHostRoles","Express","Crewmate","custom_role","CustomRoles.cs","https://github.com/Ultradragon005/BoundlessHostRoles"
"BoundlessHostRoles","Farseer","Crewmate","custom_role","CustomRoles.cs","https://github.com/Ultradragon005/BoundlessHostRoles"
"BoundlessHostRoles","FFF","Neutral","custom_role","CustomRoles.cs","https://github.com/Ultradragon005/BoundlessHostRoles"
"BoundlessHostRoles","Finder","Any","sub_role","CustomRoles.cs","https://github.com/Ultradragon005/BoundlessHostRoles"
"BoundlessHostRoles","Fire Works","Impostor","custom_role","CustomRoles.cs","https://github.com/Ultradragon005/BoundlessHostRoles"
"BoundlessHostRoles","Flashman","Any","sub_role","CustomRoles.cs","https://github.com/Ultradragon005/BoundlessHostRoles"
"BoundlessHostRoles","Fool","Any","sub_role","CustomRoles.cs","https://github.com/Ultradragon005/BoundlessHostRoles"
"BoundlessHostRoles","Fox","Gamemode","gamemode_role","CustomRoles.cs","https://github.com/Ultradragon005/BoundlessHostRoles"
"BoundlessHostRoles","Freezer","Impostor","custom_role","CustomRoles.cs","https://github.com/Ultradragon005/BoundlessHostRoles"
"BoundlessHostRoles","GA","Any","sub_role","CustomRoles.cs","https://github.com/Ultradragon005/BoundlessHostRoles"
"BoundlessHostRoles","Gambler","Impostor","custom_role","CustomRoles.cs","https://github.com/Ultradragon005/BoundlessHostRoles"
"BoundlessHostRoles","Gamer","Neutral","custom_role","CustomRoles.cs","https://github.com/Ultradragon005/BoundlessHostRoles"
"BoundlessHostRoles","Gangster","Impostor","custom_role","CustomRoles.cs","https://github.com/Ultradragon005/BoundlessHostRoles"
"BoundlessHostRoles","Gaulois","Crewmate","custom_role","CustomRoles.cs","https://github.com/Ultradragon005/BoundlessHostRoles"
"BoundlessHostRoles","Generator","Impostor","custom_role","CustomRoles.cs","https://github.com/Ultradragon005/BoundlessHostRoles"
"BoundlessHostRoles","Giant","Any","sub_role","CustomRoles.cs","https://github.com/Ultradragon005/BoundlessHostRoles"
"BoundlessHostRoles","Glitch","Neutral","custom_role","CustomRoles.cs","https://github.com/Ultradragon005/BoundlessHostRoles"
"BoundlessHostRoles","Glow","Any","sub_role","CustomRoles.cs","https://github.com/Ultradragon005/BoundlessHostRoles"
"BoundlessHostRoles","GM","Utility","gamemode_role","CustomRoles.cs","https://github.com/Ultradragon005/BoundlessHostRoles"
"BoundlessHostRoles","God","Neutral","custom_role","CustomRoles.cs","https://github.com/Ultradragon005/BoundlessHostRoles"
"BoundlessHostRoles","Godfather","Impostor","custom_role","CustomRoles.cs","https://github.com/Ultradragon005/BoundlessHostRoles"
"BoundlessHostRoles","Goose","Crewmate","custom_role","CustomRoles.cs","https://github.com/Ultradragon005/BoundlessHostRoles"
"BoundlessHostRoles","Gravestone","Any","sub_role","CustomRoles.cs","https://github.com/Ultradragon005/BoundlessHostRoles"
"BoundlessHostRoles","Greedier","Impostor","custom_role","CustomRoles.cs","https://github.com/Ultradragon005/BoundlessHostRoles"
"BoundlessHostRoles","Grenadier","Crewmate","custom_role","CustomRoles.cs","https://github.com/Ultradragon005/BoundlessHostRoles"
"BoundlessHostRoles","Guardian","Crewmate","custom_role","CustomRoles.cs","https://github.com/Ultradragon005/BoundlessHostRoles"
"BoundlessHostRoles","Guardian Angel","Crewmate","custom_role","CustomRoles.cs","https://github.com/Ultradragon005/BoundlessHostRoles"
"BoundlessHostRoles","Guardian Angel EHR","CustomVariant","vanilla_remake","CustomRoles.cs","https://github.com/Ultradragon005/BoundlessHostRoles"
"BoundlessHostRoles","Guess Manager Role","Crewmate","custom_role","CustomRoles.cs","https://github.com/Ultradragon005/BoundlessHostRoles"
"BoundlessHostRoles","Guesser","Any","sub_role","CustomRoles.cs","https://github.com/Ultradragon005/BoundlessHostRoles"
"BoundlessHostRoles","Hacker","Impostor","custom_role","CustomRoles.cs","https://github.com/Ultradragon005/BoundlessHostRoles"
"BoundlessHostRoles","Hangman","Impostor","custom_role","CustomRoles.cs","https://github.com/Ultradragon005/BoundlessHostRoles"
"BoundlessHostRoles","Haste","Any","sub_role","CustomRoles.cs","https://github.com/Ultradragon005/BoundlessHostRoles"
"BoundlessHostRoles","Haunter","Any","sub_role","CustomRoles.cs","https://github.com/Ultradragon005/BoundlessHostRoles"
"BoundlessHostRoles","Head Hunter","Neutral","custom_role","CustomRoles.cs","https://github.com/Ultradragon005/BoundlessHostRoles"
"BoundlessHostRoles","Hex Master","Neutral","custom_role","CustomRoles.cs","https://github.com/Ultradragon005/BoundlessHostRoles"
"BoundlessHostRoles","Hider","Gamemode","gamemode_role","CustomRoles.cs","https://github.com/Ultradragon005/BoundlessHostRoles"
"BoundlessHostRoles","Hitman","Impostor","custom_role","CustomRoles.cs","https://github.com/Ultradragon005/BoundlessHostRoles"
"BoundlessHostRoles","Hookshot","Neutral","custom_role","CustomRoles.cs","https://github.com/Ultradragon005/BoundlessHostRoles"
"BoundlessHostRoles","Ignitor","Crewmate","custom_role","CustomRoles.cs","https://github.com/Ultradragon005/BoundlessHostRoles"
"BoundlessHostRoles","Imitator","Neutral","custom_role","CustomRoles.cs","https://github.com/Ultradragon005/BoundlessHostRoles"
"BoundlessHostRoles","Impartial","Neutral","custom_role","CustomRoles.cs","https://github.com/Ultradragon005/BoundlessHostRoles"
"BoundlessHostRoles","Imperius Curse","Impostor","custom_role","CustomRoles.cs","https://github.com/Ultradragon005/BoundlessHostRoles"
"BoundlessHostRoles","Impostor","Impostor","custom_role","CustomRoles.cs","https://github.com/Ultradragon005/BoundlessHostRoles"
"BoundlessHostRoles","Impostor EHR","CustomVariant","vanilla_remake","CustomRoles.cs","https://github.com/Ultradragon005/BoundlessHostRoles"
"BoundlessHostRoles","Inhibitor","Impostor","custom_role","CustomRoles.cs","https://github.com/Ultradragon005/BoundlessHostRoles"
"BoundlessHostRoles","Innocent","Neutral","custom_role","CustomRoles.cs","https://github.com/Ultradragon005/BoundlessHostRoles"
"BoundlessHostRoles","Inquirer","Crewmate","custom_role","CustomRoles.cs","https://github.com/Ultradragon005/BoundlessHostRoles"
"BoundlessHostRoles","Insight","Crewmate","custom_role","CustomRoles.cs","https://github.com/Ultradragon005/BoundlessHostRoles"
"BoundlessHostRoles","Jackal","Neutral","custom_role","CustomRoles.cs","https://github.com/Ultradragon005/BoundlessHostRoles"
"BoundlessHostRoles","Jailor","Crewmate","custom_role","CustomRoles.cs","https://github.com/Ultradragon005/BoundlessHostRoles"
"BoundlessHostRoles","Jester","Neutral","custom_role","CustomRoles.cs","https://github.com/Ultradragon005/BoundlessHostRoles"
"BoundlessHostRoles","Jet","Gamemode","gamemode_role","CustomRoles.cs","https://github.com/Ultradragon005/BoundlessHostRoles"
"BoundlessHostRoles","Jinx","Neutral","custom_role","CustomRoles.cs","https://github.com/Ultradragon005/BoundlessHostRoles"
"BoundlessHostRoles","Judge","Crewmate","custom_role","CustomRoles.cs","https://github.com/Ultradragon005/BoundlessHostRoles"
"BoundlessHostRoles","Juggernaut","Neutral","custom_role","CustomRoles.cs","https://github.com/Ultradragon005/BoundlessHostRoles"
"BoundlessHostRoles","Jumper","Gamemode","gamemode_role","CustomRoles.cs","https://github.com/Ultradragon005/BoundlessHostRoles"
"BoundlessHostRoles","Kamikaze","Impostor","custom_role","CustomRoles.cs","https://github.com/Ultradragon005/BoundlessHostRoles"
"BoundlessHostRoles","KB Normal","Gamemode","gamemode_role","CustomRoles.cs","https://github.com/Ultradragon005/BoundlessHostRoles"
"BoundlessHostRoles","Kidnapper","Impostor","custom_role","CustomRoles.cs","https://github.com/Ultradragon005/BoundlessHostRoles"
"BoundlessHostRoles","Killer","Gamemode","gamemode_role","CustomRoles.cs","https://github.com/Ultradragon005/BoundlessHostRoles"
"BoundlessHostRoles","Knighted","Any","sub_role","CustomRoles.cs","https://github.com/Ultradragon005/BoundlessHostRoles"
"BoundlessHostRoles","Konan","Neutral","custom_role","CustomRoles.cs","https://github.com/Ultradragon005/BoundlessHostRoles"
"BoundlessHostRoles","Last Impostor","Any","sub_role","CustomRoles.cs","https://github.com/Ultradragon005/BoundlessHostRoles"
"BoundlessHostRoles","Lawyer","Neutral","custom_role","CustomRoles.cs","https://github.com/Ultradragon005/BoundlessHostRoles"
"BoundlessHostRoles","Lazy","Any","sub_role","CustomRoles.cs","https://github.com/Ultradragon005/BoundlessHostRoles"
"BoundlessHostRoles","Librarian","Impostor","custom_role","CustomRoles.cs","https://github.com/Ultradragon005/BoundlessHostRoles"
"BoundlessHostRoles","Lighter","Crewmate","custom_role","CustomRoles.cs","https://github.com/Ultradragon005/BoundlessHostRoles"
"BoundlessHostRoles","Locator","Gamemode","gamemode_role","CustomRoles.cs","https://github.com/Ultradragon005/BoundlessHostRoles"
"BoundlessHostRoles","Lookout","Crewmate","custom_role","CustomRoles.cs","https://github.com/Ultradragon005/BoundlessHostRoles"
"BoundlessHostRoles","Lovers","Any","sub_role","CustomRoles.cs","https://github.com/Ultradragon005/BoundlessHostRoles"
"BoundlessHostRoles","Loving Crewmate","Crewmate","custom_role","CustomRoles.cs","https://github.com/Ultradragon005/BoundlessHostRoles"
"BoundlessHostRoles","Loving Impostor","Crewmate","custom_role","CustomRoles.cs","https://github.com/Ultradragon005/BoundlessHostRoles"
"BoundlessHostRoles","Loyal","Any","sub_role","CustomRoles.cs","https://github.com/Ultradragon005/BoundlessHostRoles"
"BoundlessHostRoles","Luckey","Crewmate","custom_role","CustomRoles.cs","https://github.com/Ultradragon005/BoundlessHostRoles"
"BoundlessHostRoles","Lucky","Any","sub_role","CustomRoles.cs","https://github.com/Ultradragon005/BoundlessHostRoles"
"BoundlessHostRoles","Lurker","Impostor","custom_role","CustomRoles.cs","https://github.com/Ultradragon005/BoundlessHostRoles"
"BoundlessHostRoles","Lyncher","Crewmate","custom_role","CustomRoles.cs","https://github.com/Ultradragon005/BoundlessHostRoles"
"BoundlessHostRoles","Madmate","Any","sub_role","CustomRoles.cs","https://github.com/Ultradragon005/BoundlessHostRoles"
"BoundlessHostRoles","Mafia","Impostor","custom_role","CustomRoles.cs","https://github.com/Ultradragon005/BoundlessHostRoles"
"BoundlessHostRoles","Mafioso","Impostor","custom_role","CustomRoles.cs","https://github.com/Ultradragon005/BoundlessHostRoles"
"BoundlessHostRoles","Magician","Neutral","custom_role","CustomRoles.cs","https://github.com/Ultradragon005/BoundlessHostRoles"
"BoundlessHostRoles","Magnet","Any","sub_role","CustomRoles.cs","https://github.com/Ultradragon005/BoundlessHostRoles"
"BoundlessHostRoles","Mare","Any","sub_role","CustomRoles.cs","https://github.com/Ultradragon005/BoundlessHostRoles"
"BoundlessHostRoles","Mario","Neutral","custom_role","CustomRoles.cs","https://github.com/Ultradragon005/BoundlessHostRoles"
"BoundlessHostRoles","Markseeker","Crewmate","custom_role","CustomRoles.cs","https://github.com/Ultradragon005/BoundlessHostRoles"
"BoundlessHostRoles","Marshall","Crewmate","custom_role","CustomRoles.cs","https://github.com/Ultradragon005/BoundlessHostRoles"
"BoundlessHostRoles","Mastermind","Impostor","custom_role","CustomRoles.cs","https://github.com/Ultradragon005/BoundlessHostRoles"
"BoundlessHostRoles","Mathematician","Crewmate","custom_role","CustomRoles.cs","https://github.com/Ultradragon005/BoundlessHostRoles"
"BoundlessHostRoles","Maverick","Neutral","custom_role","CustomRoles.cs","https://github.com/Ultradragon005/BoundlessHostRoles"
"BoundlessHostRoles","Mayor","Crewmate","custom_role","CustomRoles.cs","https://github.com/Ultradragon005/BoundlessHostRoles"
"BoundlessHostRoles","Medic","Crewmate","custom_role","CustomRoles.cs","https://github.com/Ultradragon005/BoundlessHostRoles"
"BoundlessHostRoles","Mediumshiper","Crewmate","custom_role","CustomRoles.cs","https://github.com/Ultradragon005/BoundlessHostRoles"
"BoundlessHostRoles","Medusa","Neutral","custom_role","CustomRoles.cs","https://github.com/Ultradragon005/BoundlessHostRoles"
"BoundlessHostRoles","Merchant","Crewmate","custom_role","CustomRoles.cs","https://github.com/Ultradragon005/BoundlessHostRoles"
"BoundlessHostRoles","Messenger","Any","sub_role","CustomRoles.cs","https://github.com/Ultradragon005/BoundlessHostRoles"
"BoundlessHostRoles","Mimic","Any","sub_role","CustomRoles.cs","https://github.com/Ultradragon005/BoundlessHostRoles"
"BoundlessHostRoles","Miner","Impostor","custom_role","CustomRoles.cs","https://github.com/Ultradragon005/BoundlessHostRoles"
"BoundlessHostRoles","Minimalism","Impostor","custom_role","CustomRoles.cs","https://github.com/Ultradragon005/BoundlessHostRoles"
"BoundlessHostRoles","Minion","Any","sub_role","CustomRoles.cs","https://github.com/Ultradragon005/BoundlessHostRoles"
"BoundlessHostRoles","Mischievous","Any","sub_role","CustomRoles.cs","https://github.com/Ultradragon005/BoundlessHostRoles"
"BoundlessHostRoles","Mole","Crewmate","custom_role","CustomRoles.cs","https://github.com/Ultradragon005/BoundlessHostRoles"
"BoundlessHostRoles","Monarch","Crewmate","custom_role","CustomRoles.cs","https://github.com/Ultradragon005/BoundlessHostRoles"
"BoundlessHostRoles","Monitor","Crewmate","custom_role","CustomRoles.cs","https://github.com/Ultradragon005/BoundlessHostRoles"
"BoundlessHostRoles","Morphling","Impostor","custom_role","CustomRoles.cs","https://github.com/Ultradragon005/BoundlessHostRoles"
"BoundlessHostRoles","Mortician","Crewmate","custom_role","CustomRoles.cs","https://github.com/Ultradragon005/BoundlessHostRoles"
"BoundlessHostRoles","Mycologist","Neutral","custom_role","CustomRoles.cs","https://github.com/Ultradragon005/BoundlessHostRoles"
"BoundlessHostRoles","Necromancer","Neutral","custom_role","CustomRoles.cs","https://github.com/Ultradragon005/BoundlessHostRoles"
"BoundlessHostRoles","Necroview","Any","sub_role","CustomRoles.cs","https://github.com/Ultradragon005/BoundlessHostRoles"
"BoundlessHostRoles","Needy","Crewmate","custom_role","CustomRoles.cs","https://github.com/Ultradragon005/BoundlessHostRoles"
"BoundlessHostRoles","Nice Eraser","Crewmate","custom_role","CustomRoles.cs","https://github.com/Ultradragon005/BoundlessHostRoles"
"BoundlessHostRoles","Nice Guesser","Crewmate","custom_role","CustomRoles.cs","https://github.com/Ultradragon005/BoundlessHostRoles"
"BoundlessHostRoles","Nice Hacker","Crewmate","custom_role","CustomRoles.cs","https://github.com/Ultradragon005/BoundlessHostRoles"
"BoundlessHostRoles","Nice Swapper","Crewmate","custom_role","CustomRoles.cs","https://github.com/Ultradragon005/BoundlessHostRoles"
"BoundlessHostRoles","Nightmare","Crewmate","custom_role","CustomRoles.cs","https://github.com/Ultradragon005/BoundlessHostRoles"
"BoundlessHostRoles","Nimble","Any","sub_role","CustomRoles.cs","https://github.com/Ultradragon005/BoundlessHostRoles"
"BoundlessHostRoles","Noisemaker","Crewmate","custom_role","CustomRoles.cs","https://github.com/Ultradragon005/BoundlessHostRoles"
"BoundlessHostRoles","Noisemaker EHR","CustomVariant","vanilla_remake","CustomRoles.cs","https://github.com/Ultradragon005/BoundlessHostRoles"
"BoundlessHostRoles","Noisy","Any","sub_role","CustomRoles.cs","https://github.com/Ultradragon005/BoundlessHostRoles"
"BoundlessHostRoles","Nonplus","Neutral","custom_role","CustomRoles.cs","https://github.com/Ultradragon005/BoundlessHostRoles"
"BoundlessHostRoles","Not Assigned","Any","sub_role","CustomRoles.cs","https://github.com/Ultradragon005/BoundlessHostRoles"
"BoundlessHostRoles","NSerial Killer","Neutral","custom_role","CustomRoles.cs","https://github.com/Ultradragon005/BoundlessHostRoles"
"BoundlessHostRoles","Nuker","Impostor","custom_role","CustomRoles.cs","https://github.com/Ultradragon005/BoundlessHostRoles"
"BoundlessHostRoles","Nullifier","Impostor","custom_role","CustomRoles.cs","https://github.com/Ultradragon005/BoundlessHostRoles"
"BoundlessHostRoles","Oblivious","Any","sub_role","CustomRoles.cs","https://github.com/Ultradragon005/BoundlessHostRoles"
"BoundlessHostRoles","Observer","Crewmate","custom_role","CustomRoles.cs","https://github.com/Ultradragon005/BoundlessHostRoles"
"BoundlessHostRoles","Onbound","Any","sub_role","CustomRoles.cs","https://github.com/Ultradragon005/BoundlessHostRoles"
"BoundlessHostRoles","Opportunist","Neutral","custom_role","CustomRoles.cs","https://github.com/Ultradragon005/BoundlessHostRoles"
"BoundlessHostRoles","Oracle","Crewmate","custom_role","CustomRoles.cs","https://github.com/Ultradragon005/BoundlessHostRoles"
"BoundlessHostRoles","Over Killer","Impostor","custom_role","CustomRoles.cs","https://github.com/Ultradragon005/BoundlessHostRoles"
"BoundlessHostRoles","Overheat","Impostor","custom_role","CustomRoles.cs","https://github.com/Ultradragon005/BoundlessHostRoles"
"BoundlessHostRoles","Oxyman","Crewmate","custom_role","CustomRoles.cs","https://github.com/Ultradragon005/BoundlessHostRoles"
"BoundlessHostRoles","Paranoia","Crewmate","custom_role","CustomRoles.cs","https://github.com/Ultradragon005/BoundlessHostRoles"
"BoundlessHostRoles","Parasite","Impostor","custom_role","CustomRoles.cs","https://github.com/Ultradragon005/BoundlessHostRoles"
"BoundlessHostRoles","Parity Cop","Crewmate","custom_role","CustomRoles.cs","https://github.com/Ultradragon005/BoundlessHostRoles"
"BoundlessHostRoles","Patroller","Neutral","custom_role","CustomRoles.cs","https://github.com/Ultradragon005/BoundlessHostRoles"
"BoundlessHostRoles","Pelican","Neutral","custom_role","CustomRoles.cs","https://github.com/Ultradragon005/BoundlessHostRoles"
"BoundlessHostRoles","Penguin","Impostor","custom_role","CustomRoles.cs","https://github.com/Ultradragon005/BoundlessHostRoles"
"BoundlessHostRoles","Perceiver","Crewmate","custom_role","CustomRoles.cs","https://github.com/Ultradragon005/BoundlessHostRoles"
"BoundlessHostRoles","Pestilence","Neutral","custom_role","CustomRoles.cs","https://github.com/Ultradragon005/BoundlessHostRoles"
"BoundlessHostRoles","Phantasm","Neutral","custom_role","CustomRoles.cs","https://github.com/Ultradragon005/BoundlessHostRoles"
"BoundlessHostRoles","Phantom","Impostor","custom_role","CustomRoles.cs","https://github.com/Ultradragon005/BoundlessHostRoles"
"BoundlessHostRoles","Phantom EHR","CustomVariant","vanilla_remake","CustomRoles.cs","https://github.com/Ultradragon005/BoundlessHostRoles"
"BoundlessHostRoles","Philantropist","Crewmate","custom_role","CustomRoles.cs","https://github.com/Ultradragon005/BoundlessHostRoles"
"BoundlessHostRoles","Physicist","Any","sub_role","CustomRoles.cs","https://github.com/Ultradragon005/BoundlessHostRoles"
"BoundlessHostRoles","Pickpocket","Neutral","custom_role","CustomRoles.cs","https://github.com/Ultradragon005/BoundlessHostRoles"
"BoundlessHostRoles","Plague Bearer","Neutral","custom_role","CustomRoles.cs","https://github.com/Ultradragon005/BoundlessHostRoles"
"BoundlessHostRoles","Plague Doctor","Neutral","custom_role","CustomRoles.cs","https://github.com/Ultradragon005/BoundlessHostRoles"
"BoundlessHostRoles","Poisoner","Neutral","custom_role","CustomRoles.cs","https://github.com/Ultradragon005/BoundlessHostRoles"
"BoundlessHostRoles","Postman","Neutral","custom_role","CustomRoles.cs","https://github.com/Ultradragon005/BoundlessHostRoles"
"BoundlessHostRoles","Potato","Gamemode","gamemode_role","CustomRoles.cs","https://github.com/Ultradragon005/BoundlessHostRoles"
"BoundlessHostRoles","Predator","Neutral","custom_role","CustomRoles.cs","https://github.com/Ultradragon005/BoundlessHostRoles"
"BoundlessHostRoles","Provocateur","Neutral","custom_role","CustomRoles.cs","https://github.com/Ultradragon005/BoundlessHostRoles"
"BoundlessHostRoles","Psychic","Crewmate","custom_role","CustomRoles.cs","https://github.com/Ultradragon005/BoundlessHostRoles"
"BoundlessHostRoles","Puppeteer","Impostor","custom_role","CustomRoles.cs","https://github.com/Ultradragon005/BoundlessHostRoles"
"BoundlessHostRoles","Pursuer","Neutral","custom_role","CustomRoles.cs","https://github.com/Ultradragon005/BoundlessHostRoles"
"BoundlessHostRoles","Pyromaniac","Neutral","custom_role","CustomRoles.cs","https://github.com/Ultradragon005/BoundlessHostRoles"
"BoundlessHostRoles","Quick Shooter","Impostor","custom_role","CustomRoles.cs","https://github.com/Ultradragon005/BoundlessHostRoles"
"BoundlessHostRoles","Quiz Master","Neutral","custom_role","CustomRoles.cs","https://github.com/Ultradragon005/BoundlessHostRoles"
"BoundlessHostRoles","Rabbit","Crewmate","custom_role","CustomRoles.cs","https://github.com/Ultradragon005/BoundlessHostRoles"
"BoundlessHostRoles","Randomizer","Crewmate","custom_role","CustomRoles.cs","https://github.com/Ultradragon005/BoundlessHostRoles"
"BoundlessHostRoles","Rascal","Any","sub_role","CustomRoles.cs","https://github.com/Ultradragon005/BoundlessHostRoles"
"BoundlessHostRoles","Reach","Any","sub_role","CustomRoles.cs","https://github.com/Ultradragon005/BoundlessHostRoles"
"BoundlessHostRoles","Reckless","Neutral","custom_role","CustomRoles.cs","https://github.com/Ultradragon005/BoundlessHostRoles"
"BoundlessHostRoles","Recruit","Any","sub_role","CustomRoles.cs","https://github.com/Ultradragon005/BoundlessHostRoles"
"BoundlessHostRoles","Refugee","Impostor","custom_role","CustomRoles.cs","https://github.com/Ultradragon005/BoundlessHostRoles"
"BoundlessHostRoles","Revolutionist","Neutral","custom_role","CustomRoles.cs","https://github.com/Ultradragon005/BoundlessHostRoles"
"BoundlessHostRoles","Rhapsode","Crewmate","custom_role","CustomRoles.cs","https://github.com/Ultradragon005/BoundlessHostRoles"
"BoundlessHostRoles","Ricochet","Crewmate","custom_role","CustomRoles.cs","https://github.com/Ultradragon005/BoundlessHostRoles"
"BoundlessHostRoles","Rift Maker","Impostor","custom_role","CustomRoles.cs","https://github.com/Ultradragon005/BoundlessHostRoles"
"BoundlessHostRoles","Ritualist","Neutral","custom_role","CustomRoles.cs","https://github.com/Ultradragon005/BoundlessHostRoles"
"BoundlessHostRoles","Rogue","Neutral","custom_role","CustomRoles.cs","https://github.com/Ultradragon005/BoundlessHostRoles"
"BoundlessHostRoles","Romantic","Neutral","custom_role","CustomRoles.cs","https://github.com/Ultradragon005/BoundlessHostRoles"
"BoundlessHostRoles","Rookie","Any","sub_role","CustomRoles.cs","https://github.com/Ultradragon005/BoundlessHostRoles"
"BoundlessHostRoles","Roulete Grandeur","Neutral","custom_role","CustomRoles.cs","https://github.com/Ultradragon005/BoundlessHostRoles"
"BoundlessHostRoles","Runner","Gamemode","gamemode_role","CustomRoles.cs","https://github.com/Ultradragon005/BoundlessHostRoles"
"BoundlessHostRoles","Ruthless Romantic","Neutral","custom_role","CustomRoles.cs","https://github.com/Ultradragon005/BoundlessHostRoles"
"BoundlessHostRoles","Sabotage Master","Crewmate","custom_role","CustomRoles.cs","https://github.com/Ultradragon005/BoundlessHostRoles"
"BoundlessHostRoles","Saboteur","Impostor","custom_role","CustomRoles.cs","https://github.com/Ultradragon005/BoundlessHostRoles"
"BoundlessHostRoles","Safeguard","Crewmate","custom_role","CustomRoles.cs","https://github.com/Ultradragon005/BoundlessHostRoles"
"BoundlessHostRoles","Samurai","Neutral","custom_role","CustomRoles.cs","https://github.com/Ultradragon005/BoundlessHostRoles"
"BoundlessHostRoles","Sans","Impostor","custom_role","CustomRoles.cs","https://github.com/Ultradragon005/BoundlessHostRoles"
"BoundlessHostRoles","Sapper","Impostor","custom_role","CustomRoles.cs","https://github.com/Ultradragon005/BoundlessHostRoles"
"BoundlessHostRoles","Scavenger","Impostor","custom_role","CustomRoles.cs","https://github.com/Ultradragon005/BoundlessHostRoles"
"BoundlessHostRoles","Schrodingers Cat","Neutral","custom_role","CustomRoles.cs","https://github.com/Ultradragon005/BoundlessHostRoles"
"BoundlessHostRoles","Scientist","Crewmate","custom_role","CustomRoles.cs","https://github.com/Ultradragon005/BoundlessHostRoles"
"BoundlessHostRoles","Scientist EHR","CustomVariant","vanilla_remake","CustomRoles.cs","https://github.com/Ultradragon005/BoundlessHostRoles"
"BoundlessHostRoles","Scout","Crewmate","custom_role","CustomRoles.cs","https://github.com/Ultradragon005/BoundlessHostRoles"
"BoundlessHostRoles","Security Guard","Crewmate","custom_role","CustomRoles.cs","https://github.com/Ultradragon005/BoundlessHostRoles"
"BoundlessHostRoles","Seeker","Gamemode","gamemode_role","CustomRoles.cs","https://github.com/Ultradragon005/BoundlessHostRoles"
"BoundlessHostRoles","Seer","Any","sub_role","CustomRoles.cs","https://github.com/Ultradragon005/BoundlessHostRoles"
"BoundlessHostRoles","Sentinel","Crewmate","custom_role","CustomRoles.cs","https://github.com/Ultradragon005/BoundlessHostRoles"
"BoundlessHostRoles","Sentry","Crewmate","custom_role","CustomRoles.cs","https://github.com/Ultradragon005/BoundlessHostRoles"
"BoundlessHostRoles","Serial Killer","Impostor","custom_role","CustomRoles.cs","https://github.com/Ultradragon005/BoundlessHostRoles"
"BoundlessHostRoles","Shapeshifter","Impostor","custom_role","CustomRoles.cs","https://github.com/Ultradragon005/BoundlessHostRoles"
"BoundlessHostRoles","Shapeshifter EHR","CustomVariant","vanilla_remake","CustomRoles.cs","https://github.com/Ultradragon005/BoundlessHostRoles"
"BoundlessHostRoles","Sheriff","Crewmate","custom_role","CustomRoles.cs","https://github.com/Ultradragon005/BoundlessHostRoles"
"BoundlessHostRoles","Shifter","Neutral","custom_role","CustomRoles.cs","https://github.com/Ultradragon005/BoundlessHostRoles"
"BoundlessHostRoles","Shiftguard","Crewmate","custom_role","CustomRoles.cs","https://github.com/Ultradragon005/BoundlessHostRoles"
"BoundlessHostRoles","Sidekick","Neutral","custom_role","CustomRoles.cs","https://github.com/Ultradragon005/BoundlessHostRoles"
"BoundlessHostRoles","Silencer","Impostor","custom_role","CustomRoles.cs","https://github.com/Ultradragon005/BoundlessHostRoles"
"BoundlessHostRoles","Simon","Neutral","custom_role","CustomRoles.cs","https://github.com/Ultradragon005/BoundlessHostRoles"
"BoundlessHostRoles","Sleep","Any","sub_role","CustomRoles.cs","https://github.com/Ultradragon005/BoundlessHostRoles"
"BoundlessHostRoles","Sleuth","Any","sub_role","CustomRoles.cs","https://github.com/Ultradragon005/BoundlessHostRoles"
"BoundlessHostRoles","Sniper","Impostor","custom_role","CustomRoles.cs","https://github.com/Ultradragon005/BoundlessHostRoles"
"BoundlessHostRoles","Snitch","Crewmate","custom_role","CustomRoles.cs","https://github.com/Ultradragon005/BoundlessHostRoles"
"BoundlessHostRoles","Socialite","Crewmate","custom_role","CustomRoles.cs","https://github.com/Ultradragon005/BoundlessHostRoles"
"BoundlessHostRoles","Sonar","Any","sub_role","CustomRoles.cs","https://github.com/Ultradragon005/BoundlessHostRoles"
"BoundlessHostRoles","Soothsayer","Crewmate","custom_role","CustomRoles.cs","https://github.com/Ultradragon005/BoundlessHostRoles"
"BoundlessHostRoles","Soul Hunter","Neutral","custom_role","CustomRoles.cs","https://github.com/Ultradragon005/BoundlessHostRoles"
"BoundlessHostRoles","Specter","Any","sub_role","CustomRoles.cs","https://github.com/Ultradragon005/BoundlessHostRoles"
"BoundlessHostRoles","Speed Booster","Crewmate","custom_role","CustomRoles.cs","https://github.com/Ultradragon005/BoundlessHostRoles"
"BoundlessHostRoles","Speedrunner","Crewmate","custom_role","CustomRoles.cs","https://github.com/Ultradragon005/BoundlessHostRoles"
"BoundlessHostRoles","Spiritcaller","Neutral","custom_role","CustomRoles.cs","https://github.com/Ultradragon005/BoundlessHostRoles"
"BoundlessHostRoles","Spiritualist","Crewmate","custom_role","CustomRoles.cs","https://github.com/Ultradragon005/BoundlessHostRoles"
"BoundlessHostRoles","Sprayer","Neutral","custom_role","CustomRoles.cs","https://github.com/Ultradragon005/BoundlessHostRoles"
"BoundlessHostRoles","Spurt","Any","sub_role","CustomRoles.cs","https://github.com/Ultradragon005/BoundlessHostRoles"
"BoundlessHostRoles","Spy","Crewmate","custom_role","CustomRoles.cs","https://github.com/Ultradragon005/BoundlessHostRoles"
"BoundlessHostRoles","Stained","Any","sub_role","CustomRoles.cs","https://github.com/Ultradragon005/BoundlessHostRoles"
"BoundlessHostRoles","Stealth","Impostor","custom_role","CustomRoles.cs","https://github.com/Ultradragon005/BoundlessHostRoles"
"BoundlessHostRoles","Stressed","Any","sub_role","CustomRoles.cs","https://github.com/Ultradragon005/BoundlessHostRoles"
"BoundlessHostRoles","Succubus","Neutral","custom_role","CustomRoles.cs","https://github.com/Ultradragon005/BoundlessHostRoles"
"BoundlessHostRoles","Sunglasses","Any","sub_role","CustomRoles.cs","https://github.com/Ultradragon005/BoundlessHostRoles"
"BoundlessHostRoles","Sunnyboy","Neutral","custom_role","CustomRoles.cs","https://github.com/Ultradragon005/BoundlessHostRoles"
"BoundlessHostRoles","Super Star","Crewmate","custom_role","CustomRoles.cs","https://github.com/Ultradragon005/BoundlessHostRoles"
"BoundlessHostRoles","Swapster","Impostor","custom_role","CustomRoles.cs","https://github.com/Ultradragon005/BoundlessHostRoles"
"BoundlessHostRoles","Swift","Any","sub_role","CustomRoles.cs","https://github.com/Ultradragon005/BoundlessHostRoles"
"BoundlessHostRoles","Swiftclaw","Impostor","custom_role","CustomRoles.cs","https://github.com/Ultradragon005/BoundlessHostRoles"
"BoundlessHostRoles","Swooper","Impostor","custom_role","CustomRoles.cs","https://github.com/Ultradragon005/BoundlessHostRoles"
"BoundlessHostRoles","Swords Man","Crewmate","custom_role","CustomRoles.cs","https://github.com/Ultradragon005/BoundlessHostRoles"
"BoundlessHostRoles","Task Manager","Crewmate","custom_role","CustomRoles.cs","https://github.com/Ultradragon005/BoundlessHostRoles"
"BoundlessHostRoles","Taskcounter","Any","sub_role","CustomRoles.cs","https://github.com/Ultradragon005/BoundlessHostRoles"
"BoundlessHostRoles","Tasker","Gamemode","gamemode_role","CustomRoles.cs","https://github.com/Ultradragon005/BoundlessHostRoles"
"BoundlessHostRoles","Taskinator","Gamemode","gamemode_role","CustomRoles.cs","https://github.com/Ultradragon005/BoundlessHostRoles"
"BoundlessHostRoles","Telekinetic","Crewmate","custom_role","CustomRoles.cs","https://github.com/Ultradragon005/BoundlessHostRoles"
"BoundlessHostRoles","Terrorist","Neutral","custom_role","CustomRoles.cs","https://github.com/Ultradragon005/BoundlessHostRoles"
"BoundlessHostRoles","Tether","Crewmate","custom_role","CustomRoles.cs","https://github.com/Ultradragon005/BoundlessHostRoles"
"BoundlessHostRoles","Tickets Stealer","Any","sub_role","CustomRoles.cs","https://github.com/Ultradragon005/BoundlessHostRoles"
"BoundlessHostRoles","Tiger","Neutral","custom_role","CustomRoles.cs","https://github.com/Ultradragon005/BoundlessHostRoles"
"BoundlessHostRoles","Time Manager","Crewmate","custom_role","CustomRoles.cs","https://github.com/Ultradragon005/BoundlessHostRoles"
"BoundlessHostRoles","Time Master","Crewmate","custom_role","CustomRoles.cs","https://github.com/Ultradragon005/BoundlessHostRoles"
"BoundlessHostRoles","Time Thief","Impostor","custom_role","CustomRoles.cs","https://github.com/Ultradragon005/BoundlessHostRoles"
"BoundlessHostRoles","Toilet Master","Crewmate","custom_role","CustomRoles.cs","https://github.com/Ultradragon005/BoundlessHostRoles"
"BoundlessHostRoles","Torch","Any","sub_role","CustomRoles.cs","https://github.com/Ultradragon005/BoundlessHostRoles"
"BoundlessHostRoles","Tornado","Crewmate","custom_role","CustomRoles.cs","https://github.com/Ultradragon005/BoundlessHostRoles"
"BoundlessHostRoles","Totocalcio","Neutral","custom_role","CustomRoles.cs","https://github.com/Ultradragon005/BoundlessHostRoles"
"BoundlessHostRoles","Tracefinder","Crewmate","custom_role","CustomRoles.cs","https://github.com/Ultradragon005/BoundlessHostRoles"
"BoundlessHostRoles","Tracker","Crewmate","custom_role","CustomRoles.cs","https://github.com/Ultradragon005/BoundlessHostRoles"
"BoundlessHostRoles","Tracker EHR","CustomVariant","vanilla_remake","CustomRoles.cs","https://github.com/Ultradragon005/BoundlessHostRoles"
"BoundlessHostRoles","Traitor","Neutral","custom_role","CustomRoles.cs","https://github.com/Ultradragon005/BoundlessHostRoles"
"BoundlessHostRoles","Transmitter","Crewmate","custom_role","CustomRoles.cs","https://github.com/Ultradragon005/BoundlessHostRoles"
"BoundlessHostRoles","Transporter","Crewmate","custom_role","CustomRoles.cs","https://github.com/Ultradragon005/BoundlessHostRoles"
"BoundlessHostRoles","Trapper","Any","sub_role","CustomRoles.cs","https://github.com/Ultradragon005/BoundlessHostRoles"
"BoundlessHostRoles","Tremor","Neutral","custom_role","CustomRoles.cs","https://github.com/Ultradragon005/BoundlessHostRoles"
"BoundlessHostRoles","Trickster","Impostor","custom_role","CustomRoles.cs","https://github.com/Ultradragon005/BoundlessHostRoles"
"BoundlessHostRoles","Troll","Gamemode","gamemode_role","CustomRoles.cs","https://github.com/Ultradragon005/BoundlessHostRoles"
"BoundlessHostRoles","Truant","Any","sub_role","CustomRoles.cs","https://github.com/Ultradragon005/BoundlessHostRoles"
"BoundlessHostRoles","Tunneler","Crewmate","custom_role","CustomRoles.cs","https://github.com/Ultradragon005/BoundlessHostRoles"
"BoundlessHostRoles","Twister","Impostor","custom_role","CustomRoles.cs","https://github.com/Ultradragon005/BoundlessHostRoles"
"BoundlessHostRoles","Undead","Any","sub_role","CustomRoles.cs","https://github.com/Ultradragon005/BoundlessHostRoles"
"BoundlessHostRoles","Underdog","Impostor","custom_role","CustomRoles.cs","https://github.com/Ultradragon005/BoundlessHostRoles"
"BoundlessHostRoles","Undertaker","Impostor","custom_role","CustomRoles.cs","https://github.com/Ultradragon005/BoundlessHostRoles"
"BoundlessHostRoles","Unlucky","Any","sub_role","CustomRoles.cs","https://github.com/Ultradragon005/BoundlessHostRoles"
"BoundlessHostRoles","Unreportable","Any","sub_role","CustomRoles.cs","https://github.com/Ultradragon005/BoundlessHostRoles"
"BoundlessHostRoles","Vampire","Impostor","custom_role","CustomRoles.cs","https://github.com/Ultradragon005/BoundlessHostRoles"
"BoundlessHostRoles","Vengeance","Neutral","custom_role","CustomRoles.cs","https://github.com/Ultradragon005/BoundlessHostRoles"
"BoundlessHostRoles","Vengeful Romantic","Neutral","custom_role","CustomRoles.cs","https://github.com/Ultradragon005/BoundlessHostRoles"
"BoundlessHostRoles","Venter","Gamemode","gamemode_role","CustomRoles.cs","https://github.com/Ultradragon005/BoundlessHostRoles"
"BoundlessHostRoles","Ventguard","Crewmate","custom_role","CustomRoles.cs","https://github.com/Ultradragon005/BoundlessHostRoles"
"BoundlessHostRoles","Ventriloquist","Impostor","custom_role","CustomRoles.cs","https://github.com/Ultradragon005/BoundlessHostRoles"
"BoundlessHostRoles","Veteran","Crewmate","custom_role","CustomRoles.cs","https://github.com/Ultradragon005/BoundlessHostRoles"
"BoundlessHostRoles","Vindicator","Impostor","custom_role","CustomRoles.cs","https://github.com/Ultradragon005/BoundlessHostRoles"
"BoundlessHostRoles","Virus","Neutral","custom_role","CustomRoles.cs","https://github.com/Ultradragon005/BoundlessHostRoles"
"BoundlessHostRoles","Visionary","Impostor","custom_role","CustomRoles.cs","https://github.com/Ultradragon005/BoundlessHostRoles"
"BoundlessHostRoles","Vulture","Neutral","custom_role","CustomRoles.cs","https://github.com/Ultradragon005/BoundlessHostRoles"
"BoundlessHostRoles","Warden","Any","sub_role","CustomRoles.cs","https://github.com/Ultradragon005/BoundlessHostRoles"
"BoundlessHostRoles","Warlock","Impostor","custom_role","CustomRoles.cs","https://github.com/Ultradragon005/BoundlessHostRoles"
"BoundlessHostRoles","Watcher","Any","sub_role","CustomRoles.cs","https://github.com/Ultradragon005/BoundlessHostRoles"
"BoundlessHostRoles","Weapon Master","Neutral","custom_role","CustomRoles.cs","https://github.com/Ultradragon005/BoundlessHostRoles"
"BoundlessHostRoles","Werewolf","Neutral","custom_role","CustomRoles.cs","https://github.com/Ultradragon005/BoundlessHostRoles"
"BoundlessHostRoles","Wildling","Impostor","custom_role","CustomRoles.cs","https://github.com/Ultradragon005/BoundlessHostRoles"
"BoundlessHostRoles","Witch","Impostor","custom_role","CustomRoles.cs","https://github.com/Ultradragon005/BoundlessHostRoles"
"BoundlessHostRoles","Witness","Crewmate","custom_role","CustomRoles.cs","https://github.com/Ultradragon005/BoundlessHostRoles"
"BoundlessHostRoles","Workaholic","Neutral","custom_role","CustomRoles.cs","https://github.com/Ultradragon005/BoundlessHostRoles"
"BoundlessHostRoles","Workhorse","Any","sub_role","CustomRoles.cs","https://github.com/Ultradragon005/BoundlessHostRoles"
"BoundlessHostRoles","Wraith","Neutral","custom_role","CustomRoles.cs","https://github.com/Ultradragon005/BoundlessHostRoles"
"BoundlessHostRoles","Yin Yanger","Impostor","custom_role","CustomRoles.cs","https://github.com/Ultradragon005/BoundlessHostRoles"
"BoundlessHostRoles","Zombie","Impostor","custom_role","CustomRoles.cs","https://github.com/Ultradragon005/BoundlessHostRoles"
"TheOtherRoles","Anti tp","Any","modifier","TheOtherRoles/RoleInfo.cs","https://github.com/TheOtherRolesAU/TheOtherRoles"
"TheOtherRoles","Armored","Any","modifier","TheOtherRoles/RoleInfo.cs","https://github.com/TheOtherRolesAU/TheOtherRoles"
"TheOtherRoles","Arsonist","Neutral","custom_role","TheOtherRoles/RoleInfo.cs","https://github.com/TheOtherRolesAU/TheOtherRoles"
"TheOtherRoles","Bait","Any","modifier","TheOtherRoles/RoleInfo.cs","https://github.com/TheOtherRolesAU/TheOtherRoles"
"TheOtherRoles","Bloody","Any","modifier","TheOtherRoles/RoleInfo.cs","https://github.com/TheOtherRolesAU/TheOtherRoles"
"TheOtherRoles","Bomber","Crewmate/Other","custom_role","TheOtherRoles/RoleInfo.cs","https://github.com/TheOtherRolesAU/TheOtherRoles"
"TheOtherRoles","Bounty Hunter","Crewmate/Other","custom_role","TheOtherRoles/RoleInfo.cs","https://github.com/TheOtherRolesAU/TheOtherRoles"
"TheOtherRoles","Camouflager","Crewmate/Other","custom_role","TheOtherRoles/RoleInfo.cs","https://github.com/TheOtherRolesAU/TheOtherRoles"
"TheOtherRoles","Chameleon","Any","modifier","TheOtherRoles/RoleInfo.cs","https://github.com/TheOtherRolesAU/TheOtherRoles"
"TheOtherRoles","Cleaner","Crewmate/Other","custom_role","TheOtherRoles/RoleInfo.cs","https://github.com/TheOtherRolesAU/TheOtherRoles"
"TheOtherRoles","Deputy","Crewmate/Other","custom_role","TheOtherRoles/RoleInfo.cs","https://github.com/TheOtherRolesAU/TheOtherRoles"
"TheOtherRoles","Detective","Crewmate/Other","custom_role","TheOtherRoles/RoleInfo.cs","https://github.com/TheOtherRolesAU/TheOtherRoles"
"TheOtherRoles","Engineer","Crewmate/Other","custom_role","TheOtherRoles/RoleInfo.cs","https://github.com/TheOtherRolesAU/TheOtherRoles"
"TheOtherRoles","Eraser","Crewmate/Other","custom_role","TheOtherRoles/RoleInfo.cs","https://github.com/TheOtherRolesAU/TheOtherRoles"
"TheOtherRoles","Evil Guesser","Impostor","custom_role","TheOtherRoles/RoleInfo.cs","https://github.com/TheOtherRolesAU/TheOtherRoles"
"TheOtherRoles","Godfather","Crewmate/Other","custom_role","TheOtherRoles/RoleInfo.cs","https://github.com/TheOtherRolesAU/TheOtherRoles"
"TheOtherRoles","Hacker","Crewmate/Other","custom_role","TheOtherRoles/RoleInfo.cs","https://github.com/TheOtherRolesAU/TheOtherRoles"
"TheOtherRoles","Hunted","Gamemode","gamemode_role","TheOtherRoles/RoleInfo.cs","https://github.com/TheOtherRolesAU/TheOtherRoles"
"TheOtherRoles","Hunter","Gamemode","gamemode_role","TheOtherRoles/RoleInfo.cs","https://github.com/TheOtherRolesAU/TheOtherRoles"
"TheOtherRoles","Invert","Any","modifier","TheOtherRoles/RoleInfo.cs","https://github.com/TheOtherRolesAU/TheOtherRoles"
"TheOtherRoles","Jackal","Neutral","custom_role","TheOtherRoles/RoleInfo.cs","https://github.com/TheOtherRolesAU/TheOtherRoles"
"TheOtherRoles","Janitor","Crewmate/Other","custom_role","TheOtherRoles/RoleInfo.cs","https://github.com/TheOtherRolesAU/TheOtherRoles"
"TheOtherRoles","Jester","Neutral","custom_role","TheOtherRoles/RoleInfo.cs","https://github.com/TheOtherRolesAU/TheOtherRoles"
"TheOtherRoles","Lawyer","Neutral","custom_role","TheOtherRoles/RoleInfo.cs","https://github.com/TheOtherRolesAU/TheOtherRoles"
"TheOtherRoles","Lighter","Crewmate/Other","custom_role","TheOtherRoles/RoleInfo.cs","https://github.com/TheOtherRolesAU/TheOtherRoles"
"TheOtherRoles","Lover","Any","modifier","TheOtherRoles/RoleInfo.cs","https://github.com/TheOtherRolesAU/TheOtherRoles"
"TheOtherRoles","Mafioso","Crewmate/Other","custom_role","TheOtherRoles/RoleInfo.cs","https://github.com/TheOtherRolesAU/TheOtherRoles"
"TheOtherRoles","Mayor","Crewmate/Other","custom_role","TheOtherRoles/RoleInfo.cs","https://github.com/TheOtherRolesAU/TheOtherRoles"
"TheOtherRoles","Medic","Crewmate/Other","custom_role","TheOtherRoles/RoleInfo.cs","https://github.com/TheOtherRolesAU/TheOtherRoles"
"TheOtherRoles","Medium","Crewmate/Other","custom_role","TheOtherRoles/RoleInfo.cs","https://github.com/TheOtherRolesAU/TheOtherRoles"
"TheOtherRoles","Mini","Any","modifier","TheOtherRoles/RoleInfo.cs","https://github.com/TheOtherRolesAU/TheOtherRoles"
"TheOtherRoles","Morphling","Crewmate/Other","custom_role","TheOtherRoles/RoleInfo.cs","https://github.com/TheOtherRolesAU/TheOtherRoles"
"TheOtherRoles","Nice Guesser","Crewmate/Other","custom_role","TheOtherRoles/RoleInfo.cs","https://github.com/TheOtherRolesAU/TheOtherRoles"
"TheOtherRoles","Ninja","Crewmate/Other","custom_role","TheOtherRoles/RoleInfo.cs","https://github.com/TheOtherRolesAU/TheOtherRoles"
"TheOtherRoles","Portalmaker","Crewmate/Other","custom_role","TheOtherRoles/RoleInfo.cs","https://github.com/TheOtherRolesAU/TheOtherRoles"
"TheOtherRoles","Prop","Gamemode","gamemode_role","TheOtherRoles/RoleInfo.cs","https://github.com/TheOtherRolesAU/TheOtherRoles"
"TheOtherRoles","Prosecutor","Neutral","custom_role","TheOtherRoles/RoleInfo.cs","https://github.com/TheOtherRolesAU/TheOtherRoles"
"TheOtherRoles","Pursuer","Crewmate/Other","custom_role","TheOtherRoles/RoleInfo.cs","https://github.com/TheOtherRolesAU/TheOtherRoles"
"TheOtherRoles","Security Guard","Crewmate/Other","custom_role","TheOtherRoles/RoleInfo.cs","https://github.com/TheOtherRolesAU/TheOtherRoles"
"TheOtherRoles","Seer","Crewmate/Other","custom_role","TheOtherRoles/RoleInfo.cs","https://github.com/TheOtherRolesAU/TheOtherRoles"
"TheOtherRoles","Sheriff","Crewmate/Other","custom_role","TheOtherRoles/RoleInfo.cs","https://github.com/TheOtherRolesAU/TheOtherRoles"
"TheOtherRoles","Shifter","Any","modifier","TheOtherRoles/RoleInfo.cs","https://github.com/TheOtherRolesAU/TheOtherRoles"
"TheOtherRoles","Sidekick","Neutral","custom_role","TheOtherRoles/RoleInfo.cs","https://github.com/TheOtherRolesAU/TheOtherRoles"
"TheOtherRoles","Snitch","Crewmate/Other","custom_role","TheOtherRoles/RoleInfo.cs","https://github.com/TheOtherRolesAU/TheOtherRoles"
"TheOtherRoles","Spy","Crewmate/Other","custom_role","TheOtherRoles/RoleInfo.cs","https://github.com/TheOtherRolesAU/TheOtherRoles"
"TheOtherRoles","Sunglasses","Any","modifier","TheOtherRoles/RoleInfo.cs","https://github.com/TheOtherRolesAU/TheOtherRoles"
"TheOtherRoles","Swapper","Crewmate/Other","custom_role","TheOtherRoles/RoleInfo.cs","https://github.com/TheOtherRolesAU/TheOtherRoles"
"TheOtherRoles","Thief","Neutral","custom_role","TheOtherRoles/RoleInfo.cs","https://github.com/TheOtherRolesAU/TheOtherRoles"
"TheOtherRoles","Tiebreaker","Any","modifier","TheOtherRoles/RoleInfo.cs","https://github.com/TheOtherRolesAU/TheOtherRoles"
"TheOtherRoles","Time Master","Crewmate/Other","custom_role","TheOtherRoles/RoleInfo.cs","https://github.com/TheOtherRolesAU/TheOtherRoles"
"TheOtherRoles","Tracker","Crewmate/Other","custom_role","TheOtherRoles/RoleInfo.cs","https://github.com/TheOtherRolesAU/TheOtherRoles"
"TheOtherRoles","Trapper","Crewmate/Other","custom_role","TheOtherRoles/RoleInfo.cs","https://github.com/TheOtherRolesAU/TheOtherRoles"
"TheOtherRoles","Trickster","Crewmate/Other","custom_role","TheOtherRoles/RoleInfo.cs","https://github.com/TheOtherRolesAU/TheOtherRoles"
"TheOtherRoles","Vampire","Crewmate/Other","custom_role","TheOtherRoles/RoleInfo.cs","https://github.com/TheOtherRolesAU/TheOtherRoles"
"TheOtherRoles","VIP","Any","modifier","TheOtherRoles/RoleInfo.cs","https://github.com/TheOtherRolesAU/TheOtherRoles"
"TheOtherRoles","Vulture","Neutral","custom_role","TheOtherRoles/RoleInfo.cs","https://github.com/TheOtherRolesAU/TheOtherRoles"
"TheOtherRoles","Warlock","Crewmate/Other","custom_role","TheOtherRoles/RoleInfo.cs","https://github.com/TheOtherRolesAU/TheOtherRoles"
"TheOtherRoles","Witch","Crewmate/Other","custom_role","TheOtherRoles/RoleInfo.cs","https://github.com/TheOtherRolesAU/TheOtherRoles"
"TheOtherRoles","Yo-Yo","Crewmate/Other","custom_role","TheOtherRoles/RoleInfo.cs","https://github.com/TheOtherRolesAU/TheOtherRoles"
"TOU-Mira","Altruist","Crewmate","custom_role","TownOfUs/Roles/Classic/Crewmate/CrewmateProtective/AltruistRole.cs","https://github.com/AU-Avengers/TOU-Mira"
"TOU-Mira","Ambassador","Impostor","custom_role","TownOfUs/Roles/Classic/Impostor/ImpostorPower/AmbassadorRole.cs","https://github.com/AU-Avengers/TOU-Mira"
"TOU-Mira","Ambusher","Impostor","custom_role","TownOfUs/Roles/Classic/Impostor/ImpostorKilling/AmbusherRole.cs","https://github.com/AU-Avengers/TOU-Mira"
"TOU-Mira","Amnesiac","Neutral","custom_role","TownOfUs/Roles/Classic/Neutral/NeutralBenign/AmnesiacRole.cs","https://github.com/AU-Avengers/TOU-Mira"
"TOU-Mira","Arsonist","Neutral","custom_role","TownOfUs/Roles/Classic/Neutral/NeutralKilling/ArsonistRole.cs","https://github.com/AU-Avengers/TOU-Mira"
"TOU-Mira","Aurial","Crewmate","custom_role","TownOfUs/Roles/Classic/Crewmate/CrewmateInvestigative/AurialRole.cs","https://github.com/AU-Avengers/TOU-Mira"
"TOU-Mira","Blackmailer","Impostor","custom_role","TownOfUs/Roles/Classic/Impostor/ImpostorSupport/BlackmailerRole.cs","https://github.com/AU-Avengers/TOU-Mira"
"TOU-Mira","Bomber","Impostor","custom_role","TownOfUs/Roles/Classic/Impostor/ImpostorKilling/BomberRole.cs","https://github.com/AU-Avengers/TOU-Mira"
"TOU-Mira","Chef","Neutral","custom_role","TownOfUs/Roles/Classic/Neutral/NeutralOutlier/ChefRole.cs","https://github.com/AU-Avengers/TOU-Mira"
"TOU-Mira","Cleric","Crewmate","custom_role","TownOfUs/Roles/Classic/Crewmate/CrewmateProtective/ClericRole.cs","https://github.com/AU-Avengers/TOU-Mira"
"TOU-Mira","Deputy","Crewmate","custom_role","TownOfUs/Roles/Classic/Crewmate/CrewmateKilling/DeputyRole.cs","https://github.com/AU-Avengers/TOU-Mira"
"TOU-Mira","Doomsayer","Neutral","custom_role","TownOfUs/Roles/Classic/Neutral/NeutralEvil/DoomsayerRole.cs","https://github.com/AU-Avengers/TOU-Mira"
"TOU-Mira","Eclipsal","Impostor","custom_role","TownOfUs/Roles/Classic/Impostor/ImpostorConcealing/EclipsalRole.cs","https://github.com/AU-Avengers/TOU-Mira"
"TOU-Mira","Engineer Tou","Crewmate","custom_role","TownOfUs/Roles/Classic/Crewmate/CrewmateSupport/EngineerTouRole.cs","https://github.com/AU-Avengers/TOU-Mira"
"TOU-Mira","Escapist","Impostor","custom_role","TownOfUs/Roles/Classic/Impostor/ImpostorConcealing/EscapistRole.cs","https://github.com/AU-Avengers/TOU-Mira"
"TOU-Mira","Executioner","Neutral","custom_role","TownOfUs/Roles/Classic/Neutral/NeutralEvil/ExecutionerRole.cs","https://github.com/AU-Avengers/TOU-Mira"
"TOU-Mira","Fairy","Neutral","custom_role","TownOfUs/Roles/Classic/Neutral/NeutralBenign/FairyRole.cs","https://github.com/AU-Avengers/TOU-Mira"
"TOU-Mira","Forensic","Crewmate","custom_role","TownOfUs/Roles/Classic/Crewmate/CrewmateInvestigative/ForensicRole.cs","https://github.com/AU-Avengers/TOU-Mira"
"TOU-Mira","Glitch","Neutral","custom_role","TownOfUs/Roles/Classic/Neutral/NeutralKilling/GlitchRole.cs","https://github.com/AU-Avengers/TOU-Mira"
"TOU-Mira","Grenadier","Impostor","custom_role","TownOfUs/Roles/Classic/Impostor/ImpostorConcealing/GrenadierRole.cs","https://github.com/AU-Avengers/TOU-Mira"
"TOU-Mira","Haunter","Crewmate","ghost_role","TownOfUs/Roles/Classic/Crewmate/CrewmateAfterlife/HaunterRole.cs","https://github.com/AU-Avengers/TOU-Mira"
"TOU-Mira","Herbalist","Impostor","custom_role","TownOfUs/Roles/Classic/Impostor/ImpostorPower/HerbalistRole.cs","https://github.com/AU-Avengers/TOU-Mira"
"TOU-Mira","Hns Camouflager","Gamemode","gamemode_role","TownOfUs/Roles/HideAndSeek/Seeker/HnsCamouflagerRole.cs","https://github.com/AU-Avengers/TOU-Mira"
"TOU-Mira","Hns Chameleon","Gamemode","gamemode_role","TownOfUs/Roles/HideAndSeek/Hider/HnsChameleonRole.cs","https://github.com/AU-Avengers/TOU-Mira"
"TOU-Mira","Hns Mystic","Gamemode","gamemode_role","TownOfUs/Roles/HideAndSeek/Hider/HnsMysticRole.cs","https://github.com/AU-Avengers/TOU-Mira"
"TOU-Mira","Hns Snitch","Gamemode","gamemode_role","TownOfUs/Roles/HideAndSeek/Hider/HnsSnitchRole.cs","https://github.com/AU-Avengers/TOU-Mira"
"TOU-Mira","Hunter","Crewmate","custom_role","TownOfUs/Roles/Classic/Crewmate/CrewmateKilling/HunterRole.cs","https://github.com/AU-Avengers/TOU-Mira"
"TOU-Mira","Hypnotist","Impostor","custom_role","TownOfUs/Roles/Classic/Impostor/ImpostorSupport/HypnotistRole.cs","https://github.com/AU-Avengers/TOU-Mira"
"TOU-Mira","Imitator","Crewmate","custom_role","TownOfUs/Roles/Classic/Crewmate/CrewmateSupport/ImitatorRole.cs","https://github.com/AU-Avengers/TOU-Mira"
"TOU-Mira","Inquisitor","Neutral","custom_role","TownOfUs/Roles/Classic/Neutral/NeutralOutlier/InquisitorRole.cs","https://github.com/AU-Avengers/TOU-Mira"
"TOU-Mira","Investigator","Crewmate","custom_role","TownOfUs/Roles/Classic/Crewmate/CrewmateInvestigative/InvestigatorRole.cs","https://github.com/AU-Avengers/TOU-Mira"
"TOU-Mira","Jailor","Crewmate","custom_role","TownOfUs/Roles/Classic/Crewmate/CrewmatePower/JailorRole.cs","https://github.com/AU-Avengers/TOU-Mira"
"TOU-Mira","Janitor","Impostor","custom_role","TownOfUs/Roles/Classic/Impostor/ImpostorSupport/JanitorRole.cs","https://github.com/AU-Avengers/TOU-Mira"
"TOU-Mira","Jester","Neutral","custom_role","TownOfUs/Roles/Classic/Neutral/NeutralEvil/JesterRole.cs","https://github.com/AU-Avengers/TOU-Mira"
"TOU-Mira","Juggernaut","Neutral","custom_role","TownOfUs/Roles/Classic/Neutral/NeutralKilling/JuggernautRole.cs","https://github.com/AU-Avengers/TOU-Mira"
"TOU-Mira","Lookout","Crewmate","custom_role","TownOfUs/Roles/Classic/Crewmate/CrewmateInvestigative/LookoutRole.cs","https://github.com/AU-Avengers/TOU-Mira"
"TOU-Mira","Mayor","Crewmate","custom_role","TownOfUs/Roles/Classic/Crewmate/CrewmatePower/MayorRole.cs","https://github.com/AU-Avengers/TOU-Mira"
"TOU-Mira","Medic","Crewmate","custom_role","TownOfUs/Roles/Classic/Crewmate/CrewmateProtective/MedicRole.cs","https://github.com/AU-Avengers/TOU-Mira"
"TOU-Mira","Medium","Crewmate","custom_role","TownOfUs/Roles/Classic/Crewmate/CrewmateInvestigative/MediumRole.cs","https://github.com/AU-Avengers/TOU-Mira"
"TOU-Mira","Mercenary","Neutral","custom_role","TownOfUs/Roles/Classic/Neutral/NeutralBenign/MercenaryRole.cs","https://github.com/AU-Avengers/TOU-Mira"
"TOU-Mira","Miner","Impostor","custom_role","TownOfUs/Roles/Classic/Impostor/ImpostorSupport/MinerRole.cs","https://github.com/AU-Avengers/TOU-Mira"
"TOU-Mira","Mirrorcaster","Crewmate","custom_role","TownOfUs/Roles/Classic/Crewmate/CrewmateProtective/MirrorcasterRole.cs","https://github.com/AU-Avengers/TOU-Mira"
"TOU-Mira","Monarch","Crewmate","custom_role","TownOfUs/Roles/Classic/Crewmate/CrewmatePower/MonarchRole.cs","https://github.com/AU-Avengers/TOU-Mira"
"TOU-Mira","Morphling","Impostor","custom_role","TownOfUs/Roles/Classic/Impostor/ImpostorConcealing/MorphlingRole.cs","https://github.com/AU-Avengers/TOU-Mira"
"TOU-Mira","Mystic","Crewmate","custom_role","TownOfUs/Roles/Classic/Crewmate/CrewmateInvestigative/MysticRole.cs","https://github.com/AU-Avengers/TOU-Mira"
"TOU-Mira","Neutral Ghost","Neutral","ghost_role","TownOfUs/Roles/Classic/Neutral/NeutralKilling/NeutralGhostRole.cs","https://github.com/AU-Avengers/TOU-Mira"
"TOU-Mira","Officer","Crewmate","custom_role","TownOfUs/Roles/Classic/Crewmate/CrewmateKilling/OfficerRole.cs","https://github.com/AU-Avengers/TOU-Mira"
"TOU-Mira","Oracle","Crewmate","custom_role","TownOfUs/Roles/Classic/Crewmate/CrewmateProtective/OracleRole.cs","https://github.com/AU-Avengers/TOU-Mira"
"TOU-Mira","Parasite","Impostor","custom_role","TownOfUs/Roles/Classic/Impostor/ImpostorKilling/ParasiteRole.cs","https://github.com/AU-Avengers/TOU-Mira"
"TOU-Mira","Pestilence","Neutral","custom_role","TownOfUs/Roles/Classic/Neutral/NeutralKilling/PestilenceRole.cs","https://github.com/AU-Avengers/TOU-Mira"
"TOU-Mira","Plaguebearer","Neutral","custom_role","TownOfUs/Roles/Classic/Neutral/NeutralKilling/PlaguebearerRole.cs","https://github.com/AU-Avengers/TOU-Mira"
"TOU-Mira","Plumber","Crewmate","custom_role","TownOfUs/Roles/Classic/Crewmate/CrewmateSupport/PlumberRole.cs","https://github.com/AU-Avengers/TOU-Mira"
"TOU-Mira","Politician","Crewmate","custom_role","TownOfUs/Roles/Classic/Crewmate/CrewmatePower/PoliticianRole.cs","https://github.com/AU-Avengers/TOU-Mira"
"TOU-Mira","Prosecutor","Crewmate","custom_role","TownOfUs/Roles/Classic/Crewmate/CrewmatePower/ProsecutorRole.cs","https://github.com/AU-Avengers/TOU-Mira"
"TOU-Mira","Puppeteer","Impostor","custom_role","TownOfUs/Roles/Classic/Impostor/ImpostorPower/PuppeteerRole.cs","https://github.com/AU-Avengers/TOU-Mira"
"TOU-Mira","Scavenger","Impostor","custom_role","TownOfUs/Roles/Classic/Impostor/ImpostorKilling/ScavengerRole.cs","https://github.com/AU-Avengers/TOU-Mira"
"TOU-Mira","Seer","Crewmate","custom_role","TownOfUs/Roles/Classic/Crewmate/CrewmateInvestigative/SeerRole.cs","https://github.com/AU-Avengers/TOU-Mira"
"TOU-Mira","Sentry","Crewmate","custom_role","TownOfUs/Roles/Classic/Crewmate/CrewmateSupport/SentryRole.cs","https://github.com/AU-Avengers/TOU-Mira"
"TOU-Mira","Sheriff","Crewmate","custom_role","TownOfUs/Roles/Classic/Crewmate/CrewmateKilling/SheriffRole.cs","https://github.com/AU-Avengers/TOU-Mira"
"TOU-Mira","Snitch","Crewmate","custom_role","TownOfUs/Roles/Classic/Crewmate/CrewmateInvestigative/SnitchRole.cs","https://github.com/AU-Avengers/TOU-Mira"
"TOU-Mira","Sonar","Crewmate","custom_role","TownOfUs/Roles/Classic/Crewmate/CrewmateInvestigative/SonarRole.cs","https://github.com/AU-Avengers/TOU-Mira"
"TOU-Mira","Soul Collector","Neutral","custom_role","TownOfUs/Roles/Classic/Neutral/NeutralKilling/SoulCollectorRole.cs","https://github.com/AU-Avengers/TOU-Mira"
"TOU-Mira","Spectator","Utility","ghost_role","TownOfUs/Roles/Other/SpectatorRole.cs","https://github.com/AU-Avengers/TOU-Mira"
"TOU-Mira","Spectre","Neutral","ghost_role","TownOfUs/Roles/Classic/Neutral/NeutralAfterlife/SpectreRole.cs","https://github.com/AU-Avengers/TOU-Mira"
"TOU-Mira","Spellslinger","Impostor","custom_role","TownOfUs/Roles/Classic/Impostor/ImpostorPower/SpellslingerRole.cs","https://github.com/AU-Avengers/TOU-Mira"
"TOU-Mira","Spy","Crewmate","custom_role","TownOfUs/Roles/Classic/Crewmate/CrewmateInvestigative/SpyRole.cs","https://github.com/AU-Avengers/TOU-Mira"
"TOU-Mira","Survivor","Neutral","custom_role","TownOfUs/Roles/Classic/Neutral/NeutralBenign/SurvivorRole.cs","https://github.com/AU-Avengers/TOU-Mira"
"TOU-Mira","Swapper","Crewmate","custom_role","TownOfUs/Roles/Classic/Crewmate/CrewmatePower/SwapperRole.cs","https://github.com/AU-Avengers/TOU-Mira"
"TOU-Mira","Swooper","Impostor","custom_role","TownOfUs/Roles/Classic/Impostor/ImpostorConcealing/SwooperRole.cs","https://github.com/AU-Avengers/TOU-Mira"
"TOU-Mira","Time Lord","Crewmate","custom_role","TownOfUs/Roles/Classic/Crewmate/CrewmatePower/TimeLordRole.cs","https://github.com/AU-Avengers/TOU-Mira"
"TOU-Mira","Traitor","Impostor","custom_role","TownOfUs/Roles/Classic/Impostor/ImpostorPower/TraitorRole.cs","https://github.com/AU-Avengers/TOU-Mira"
"TOU-Mira","Transporter","Crewmate","custom_role","TownOfUs/Roles/Classic/Crewmate/CrewmateSupport/TransporterRole.cs","https://github.com/AU-Avengers/TOU-Mira"
"TOU-Mira","Trapper","Crewmate","custom_role","TownOfUs/Roles/Classic/Crewmate/CrewmateInvestigative/TrapperRole.cs","https://github.com/AU-Avengers/TOU-Mira"
"TOU-Mira","Undertaker","Impostor","custom_role","TownOfUs/Roles/Classic/Impostor/ImpostorSupport/UndertakerRole.cs","https://github.com/AU-Avengers/TOU-Mira"
"TOU-Mira","Vampire","Neutral","custom_role","TownOfUs/Roles/Classic/Neutral/NeutralKilling/VampireRole.cs","https://github.com/AU-Avengers/TOU-Mira"
"TOU-Mira","Venerer","Impostor","custom_role","TownOfUs/Roles/Classic/Impostor/ImpostorConcealing/VenererRole.cs","https://github.com/AU-Avengers/TOU-Mira"
"TOU-Mira","Veteran","Crewmate","custom_role","TownOfUs/Roles/Classic/Crewmate/CrewmateKilling/VeteranRole.cs","https://github.com/AU-Avengers/TOU-Mira"
"TOU-Mira","Vigilante","Crewmate","custom_role","TownOfUs/Roles/Classic/Crewmate/CrewmateKilling/VigilanteRole.cs","https://github.com/AU-Avengers/TOU-Mira"
"TOU-Mira","Warden","Crewmate","custom_role","TownOfUs/Roles/Classic/Crewmate/CrewmateProtective/WardenRole.cs","https://github.com/AU-Avengers/TOU-Mira"
"TOU-Mira","Warlock","Impostor","custom_role","TownOfUs/Roles/Classic/Impostor/ImpostorKilling/WarlockRole.cs","https://github.com/AU-Avengers/TOU-Mira"
"TOU-Mira","Werewolf","Neutral","custom_role","TownOfUs/Roles/Classic/Neutral/NeutralKilling/WerewolfRole.cs","https://github.com/AU-Avengers/TOU-Mira"
"TOU-R","Aftermath","Any","modifier","source/Patches/RoleEnum.cs","https://github.com/eDonnes124/Town-Of-Us-R"
"TOU-R","Altruist","Mixed/Non-Impostor","custom_role","source/Patches/RoleEnum.cs","https://github.com/eDonnes124/Town-Of-Us-R"
"TOU-R","Amnesiac","Mixed/Non-Impostor","custom_role","source/Patches/RoleEnum.cs","https://github.com/eDonnes124/Town-Of-Us-R"
"TOU-R","Arsonist","Mixed/Non-Impostor","custom_role","source/Patches/RoleEnum.cs","https://github.com/eDonnes124/Town-Of-Us-R"
"TOU-R","Aurial","Mixed/Non-Impostor","custom_role","source/Patches/RoleEnum.cs","https://github.com/eDonnes124/Town-Of-Us-R"
"TOU-R","Bait","Any","modifier","source/Patches/RoleEnum.cs","https://github.com/eDonnes124/Town-Of-Us-R"
"TOU-R","Blackmailer","Impostor","custom_role","source/Patches/RoleEnum.cs","https://github.com/eDonnes124/Town-Of-Us-R"
"TOU-R","Bomber","Impostor","custom_role","source/Patches/RoleEnum.cs","https://github.com/eDonnes124/Town-Of-Us-R"
"TOU-R","Button Barry","Any","modifier","source/Patches/RoleEnum.cs","https://github.com/eDonnes124/Town-Of-Us-R"
"TOU-R","Celebrity","Any","modifier","source/Patches/RoleEnum.cs","https://github.com/eDonnes124/Town-Of-Us-R"
"TOU-R","Cleric","Mixed/Non-Impostor","custom_role","source/Patches/RoleEnum.cs","https://github.com/eDonnes124/Town-Of-Us-R"
"TOU-R","Deputy","Mixed/Non-Impostor","custom_role","source/Patches/RoleEnum.cs","https://github.com/eDonnes124/Town-Of-Us-R"
"TOU-R","Detective","Mixed/Non-Impostor","custom_role","source/Patches/RoleEnum.cs","https://github.com/eDonnes124/Town-Of-Us-R"
"TOU-R","Diseased","Any","modifier","source/Patches/RoleEnum.cs","https://github.com/eDonnes124/Town-Of-Us-R"
"TOU-R","Disperser","Any","modifier","source/Patches/RoleEnum.cs","https://github.com/eDonnes124/Town-Of-Us-R"
"TOU-R","Doomsayer","Mixed/Non-Impostor","custom_role","source/Patches/RoleEnum.cs","https://github.com/eDonnes124/Town-Of-Us-R"
"TOU-R","Double Shot","Any","modifier","source/Patches/RoleEnum.cs","https://github.com/eDonnes124/Town-Of-Us-R"
"TOU-R","Eclipsal","Impostor","custom_role","source/Patches/RoleEnum.cs","https://github.com/eDonnes124/Town-Of-Us-R"
"TOU-R","Engineer","Mixed/Non-Impostor","custom_role","source/Patches/RoleEnum.cs","https://github.com/eDonnes124/Town-Of-Us-R"
"TOU-R","Escapist","Impostor","custom_role","source/Patches/RoleEnum.cs","https://github.com/eDonnes124/Town-Of-Us-R"
"TOU-R","Executioner","Mixed/Non-Impostor","custom_role","source/Patches/RoleEnum.cs","https://github.com/eDonnes124/Town-Of-Us-R"
"TOU-R","Flash","Any","modifier","source/Patches/RoleEnum.cs","https://github.com/eDonnes124/Town-Of-Us-R"
"TOU-R","Frosty","Any","modifier","source/Patches/RoleEnum.cs","https://github.com/eDonnes124/Town-Of-Us-R"
"TOU-R","Giant","Any","modifier","source/Patches/RoleEnum.cs","https://github.com/eDonnes124/Town-Of-Us-R"
"TOU-R","Glitch","Mixed/Non-Impostor","custom_role","source/Patches/RoleEnum.cs","https://github.com/eDonnes124/Town-Of-Us-R"
"TOU-R","Grenadier","Impostor","custom_role","source/Patches/RoleEnum.cs","https://github.com/eDonnes124/Town-Of-Us-R"
"TOU-R","Guardian Angel","Mixed/Non-Impostor","custom_role","source/Patches/RoleEnum.cs","https://github.com/eDonnes124/Town-Of-Us-R"
"TOU-R","Haunter","Mixed/Non-Impostor","custom_role","source/Patches/RoleEnum.cs","https://github.com/eDonnes124/Town-Of-Us-R"
"TOU-R","Hunter","Mixed/Non-Impostor","custom_role","source/Patches/RoleEnum.cs","https://github.com/eDonnes124/Town-Of-Us-R"
"TOU-R","Hypnotist","Impostor","custom_role","source/Patches/RoleEnum.cs","https://github.com/eDonnes124/Town-Of-Us-R"
"TOU-R","Imitator","Mixed/Non-Impostor","custom_role","source/Patches/RoleEnum.cs","https://github.com/eDonnes124/Town-Of-Us-R"
"TOU-R","Immovable","Any","modifier","source/Patches/RoleEnum.cs","https://github.com/eDonnes124/Town-Of-Us-R"
"TOU-R","Investigator","Mixed/Non-Impostor","custom_role","source/Patches/RoleEnum.cs","https://github.com/eDonnes124/Town-Of-Us-R"
"TOU-R","Jailor","Mixed/Non-Impostor","custom_role","source/Patches/RoleEnum.cs","https://github.com/eDonnes124/Town-Of-Us-R"
"TOU-R","Janitor","Impostor","custom_role","source/Patches/RoleEnum.cs","https://github.com/eDonnes124/Town-Of-Us-R"
"TOU-R","Jester","Mixed/Non-Impostor","custom_role","source/Patches/RoleEnum.cs","https://github.com/eDonnes124/Town-Of-Us-R"
"TOU-R","Juggernaut","Mixed/Non-Impostor","custom_role","source/Patches/RoleEnum.cs","https://github.com/eDonnes124/Town-Of-Us-R"
"TOU-R","Lookout","Mixed/Non-Impostor","custom_role","source/Patches/RoleEnum.cs","https://github.com/eDonnes124/Town-Of-Us-R"
"TOU-R","Lover","Any","modifier","source/Patches/RoleEnum.cs","https://github.com/eDonnes124/Town-Of-Us-R"
"TOU-R","Mayor","Mixed/Non-Impostor","custom_role","source/Patches/RoleEnum.cs","https://github.com/eDonnes124/Town-Of-Us-R"
"TOU-R","Medic","Mixed/Non-Impostor","custom_role","source/Patches/RoleEnum.cs","https://github.com/eDonnes124/Town-Of-Us-R"
"TOU-R","Medium","Mixed/Non-Impostor","custom_role","source/Patches/RoleEnum.cs","https://github.com/eDonnes124/Town-Of-Us-R"
"TOU-R","Mercenary","Mixed/Non-Impostor","custom_role","source/Patches/RoleEnum.cs","https://github.com/eDonnes124/Town-Of-Us-R"
"TOU-R","Miner","Impostor","custom_role","source/Patches/RoleEnum.cs","https://github.com/eDonnes124/Town-Of-Us-R"
"TOU-R","Mini","Any","modifier","source/Patches/RoleEnum.cs","https://github.com/eDonnes124/Town-Of-Us-R"
"TOU-R","Morphling","Impostor","custom_role","source/Patches/RoleEnum.cs","https://github.com/eDonnes124/Town-Of-Us-R"
"TOU-R","Multitasker","Any","modifier","source/Patches/RoleEnum.cs","https://github.com/eDonnes124/Town-Of-Us-R"
"TOU-R","Mystic","Mixed/Non-Impostor","custom_role","source/Patches/RoleEnum.cs","https://github.com/eDonnes124/Town-Of-Us-R"
"TOU-R","Oracle","Mixed/Non-Impostor","custom_role","source/Patches/RoleEnum.cs","https://github.com/eDonnes124/Town-Of-Us-R"
"TOU-R","Pestilence","Mixed/Non-Impostor","custom_role","source/Patches/RoleEnum.cs","https://github.com/eDonnes124/Town-Of-Us-R"
"TOU-R","Phantom","Mixed/Non-Impostor","custom_role","source/Patches/RoleEnum.cs","https://github.com/eDonnes124/Town-Of-Us-R"
"TOU-R","Plaguebearer","Mixed/Non-Impostor","custom_role","source/Patches/RoleEnum.cs","https://github.com/eDonnes124/Town-Of-Us-R"
"TOU-R","Plumber","Mixed/Non-Impostor","custom_role","source/Patches/RoleEnum.cs","https://github.com/eDonnes124/Town-Of-Us-R"
"TOU-R","Politician","Mixed/Non-Impostor","custom_role","source/Patches/RoleEnum.cs","https://github.com/eDonnes124/Town-Of-Us-R"
"TOU-R","Prosecutor","Mixed/Non-Impostor","custom_role","source/Patches/RoleEnum.cs","https://github.com/eDonnes124/Town-Of-Us-R"
"TOU-R","Radar","Any","modifier","source/Patches/RoleEnum.cs","https://github.com/eDonnes124/Town-Of-Us-R"
"TOU-R","Saboteur","Any","modifier","source/Patches/RoleEnum.cs","https://github.com/eDonnes124/Town-Of-Us-R"
"TOU-R","Satellite","Any","modifier","source/Patches/RoleEnum.cs","https://github.com/eDonnes124/Town-Of-Us-R"
"TOU-R","Scavenger","Impostor","custom_role","source/Patches/RoleEnum.cs","https://github.com/eDonnes124/Town-Of-Us-R"
"TOU-R","Seer","Mixed/Non-Impostor","custom_role","source/Patches/RoleEnum.cs","https://github.com/eDonnes124/Town-Of-Us-R"
"TOU-R","Sheriff","Mixed/Non-Impostor","custom_role","source/Patches/RoleEnum.cs","https://github.com/eDonnes124/Town-Of-Us-R"
"TOU-R","Shy","Any","modifier","source/Patches/RoleEnum.cs","https://github.com/eDonnes124/Town-Of-Us-R"
"TOU-R","Sixth Sense","Any","modifier","source/Patches/RoleEnum.cs","https://github.com/eDonnes124/Town-Of-Us-R"
"TOU-R","Sleuth","Any","modifier","source/Patches/RoleEnum.cs","https://github.com/eDonnes124/Town-Of-Us-R"
"TOU-R","Snitch","Mixed/Non-Impostor","custom_role","source/Patches/RoleEnum.cs","https://github.com/eDonnes124/Town-Of-Us-R"
"TOU-R","Soul Collector","Mixed/Non-Impostor","custom_role","source/Patches/RoleEnum.cs","https://github.com/eDonnes124/Town-Of-Us-R"
"TOU-R","Spy","Mixed/Non-Impostor","custom_role","source/Patches/RoleEnum.cs","https://github.com/eDonnes124/Town-Of-Us-R"
"TOU-R","Survivor","Mixed/Non-Impostor","custom_role","source/Patches/RoleEnum.cs","https://github.com/eDonnes124/Town-Of-Us-R"
"TOU-R","Swapper","Mixed/Non-Impostor","custom_role","source/Patches/RoleEnum.cs","https://github.com/eDonnes124/Town-Of-Us-R"
"TOU-R","Swooper","Impostor","custom_role","source/Patches/RoleEnum.cs","https://github.com/eDonnes124/Town-Of-Us-R"
"TOU-R","Taskmaster","Any","modifier","source/Patches/RoleEnum.cs","https://github.com/eDonnes124/Town-Of-Us-R"
"TOU-R","Tiebreaker","Any","modifier","source/Patches/RoleEnum.cs","https://github.com/eDonnes124/Town-Of-Us-R"
"TOU-R","Torch","Any","modifier","source/Patches/RoleEnum.cs","https://github.com/eDonnes124/Town-Of-Us-R"
"TOU-R","Tracker","Mixed/Non-Impostor","custom_role","source/Patches/RoleEnum.cs","https://github.com/eDonnes124/Town-Of-Us-R"
"TOU-R","Traitor","Impostor","custom_role","source/Patches/RoleEnum.cs","https://github.com/eDonnes124/Town-Of-Us-R"
"TOU-R","Transporter","Mixed/Non-Impostor","custom_role","source/Patches/RoleEnum.cs","https://github.com/eDonnes124/Town-Of-Us-R"
"TOU-R","Trapper","Mixed/Non-Impostor","custom_role","source/Patches/RoleEnum.cs","https://github.com/eDonnes124/Town-Of-Us-R"
"TOU-R","Underdog","Any","modifier","source/Patches/RoleEnum.cs","https://github.com/eDonnes124/Town-Of-Us-R"
"TOU-R","Undertaker","Impostor","custom_role","source/Patches/RoleEnum.cs","https://github.com/eDonnes124/Town-Of-Us-R"
"TOU-R","Vampire","Mixed/Non-Impostor","custom_role","source/Patches/RoleEnum.cs","https://github.com/eDonnes124/Town-Of-Us-R"
"TOU-R","Venerer","Impostor","custom_role","source/Patches/RoleEnum.cs","https://github.com/eDonnes124/Town-Of-Us-R"
"TOU-R","Veteran","Mixed/Non-Impostor","custom_role","source/Patches/RoleEnum.cs","https://github.com/eDonnes124/Town-Of-Us-R"
"TOU-R","Vigilante","Mixed/Non-Impostor","custom_role","source/Patches/RoleEnum.cs","https://github.com/eDonnes124/Town-Of-Us-R"
"TOU-R","Warden","Mixed/Non-Impostor","custom_role","source/Patches/RoleEnum.cs","https://github.com/eDonnes124/Town-Of-Us-R"
"TOU-R","Warlock","Impostor","custom_role","source/Patches/RoleEnum.cs","https://github.com/eDonnes124/Town-Of-Us-R"
"TOU-R","Werewolf","Mixed/Non-Impostor","custom_role","source/Patches/RoleEnum.cs","https://github.com/eDonnes124/Town-Of-Us-R"
